split,case,image,mask
train,358,wysiwyr_real/data/TrainDataset/image/358.png,wysiwyr_real/data/TrainDataset/masks/358.png
train,cju2u2b9o4zvp08788qb9nqxj,wysiwyr_real/data/TrainDataset/image/cju2u2b9o4zvp08788qb9nqxj.png,wysiwyr_real/data/TrainDataset/masks/cju2u2b9o4zvp08788qb9nqxj.png
train,231,wysiwyr_real/data/TrainDataset/image/231.png,wysiwyr_real/data/TrainDataset/masks/231.png
train,cju2z2x3nvd3c099350zgty7w,wysiwyr_real/data/TrainDataset/image/cju2z2x3nvd3c099350zgty7w.png,wysiwyr_real/data/TrainDataset/masks/cju2z2x3nvd3c099350zgty7w.png
train,ck2bxknhjvs1x0794iogrq49k,wysiwyr_real/data/TrainDataset/image/ck2bxknhjvs1x0794iogrq49k.png,wysiwyr_real/data/TrainDataset/masks/ck2bxknhjvs1x0794iogrq49k.png
train,cju2ulk385h170799rlklxob0,wysiwyr_real/data/TrainDataset/image/cju2ulk385h170799rlklxob0.png,wysiwyr_real/data/TrainDataset/masks/cju2ulk385h170799rlklxob0.png
train,cju1gi7jlwyld0835cdf6g6qz,wysiwyr_real/data/TrainDataset/image/cju1gi7jlwyld0835cdf6g6qz.png,wysiwyr_real/data/TrainDataset/masks/cju1gi7jlwyld0835cdf6g6qz.png
train,cju8bbznkrf5g0871jncffynk,wysiwyr_real/data/TrainDataset/image/cju8bbznkrf5g0871jncffynk.png,wysiwyr_real/data/TrainDataset/masks/cju8bbznkrf5g0871jncffynk.png
train,cju41p90plcsx08018cnzpndc,wysiwyr_real/data/TrainDataset/image/cju41p90plcsx08018cnzpndc.png,wysiwyr_real/data/TrainDataset/masks/cju41p90plcsx08018cnzpndc.png
train,321,wysiwyr_real/data/TrainDataset/image/321.png,wysiwyr_real/data/TrainDataset/masks/321.png
train,541,wysiwyr_real/data/TrainDataset/image/541.png,wysiwyr_real/data/TrainDataset/masks/541.png
train,69,wysiwyr_real/data/TrainDataset/image/69.png,wysiwyr_real/data/TrainDataset/masks/69.png
train,cju2zblxw9848087853csbrx1,wysiwyr_real/data/TrainDataset/image/cju2zblxw9848087853csbrx1.png,wysiwyr_real/data/TrainDataset/masks/cju2zblxw9848087853csbrx1.png
train,cju6xifswvwbo0987nibtdr50,wysiwyr_real/data/TrainDataset/image/cju6xifswvwbo0987nibtdr50.png,wysiwyr_real/data/TrainDataset/masks/cju6xifswvwbo0987nibtdr50.png
train,cju2qdj95ru8g09886gfi9rsz,wysiwyr_real/data/TrainDataset/image/cju2qdj95ru8g09886gfi9rsz.png,wysiwyr_real/data/TrainDataset/masks/cju2qdj95ru8g09886gfi9rsz.png
train,539,wysiwyr_real/data/TrainDataset/image/539.png,wysiwyr_real/data/TrainDataset/masks/539.png
train,304,wysiwyr_real/data/TrainDataset/image/304.png,wysiwyr_real/data/TrainDataset/masks/304.png
train,99,wysiwyr_real/data/TrainDataset/image/99.png,wysiwyr_real/data/TrainDataset/masks/99.png
train,cju8bpctzrqkr0850zeldv9kt,wysiwyr_real/data/TrainDataset/image/cju8bpctzrqkr0850zeldv9kt.png,wysiwyr_real/data/TrainDataset/masks/cju8bpctzrqkr0850zeldv9kt.png
train,cju1euuc65wm00799m4sjdnnn,wysiwyr_real/data/TrainDataset/image/cju1euuc65wm00799m4sjdnnn.png,wysiwyr_real/data/TrainDataset/masks/cju1euuc65wm00799m4sjdnnn.png
train,cju88y1mwoln50871emyfny1g,wysiwyr_real/data/TrainDataset/image/cju88y1mwoln50871emyfny1g.png,wysiwyr_real/data/TrainDataset/masks/cju88y1mwoln50871emyfny1g.png
train,cju8bafgqrf4x0818twisk3ea,wysiwyr_real/data/TrainDataset/image/cju8bafgqrf4x0818twisk3ea.png,wysiwyr_real/data/TrainDataset/masks/cju8bafgqrf4x0818twisk3ea.png
train,cju5vbo6jldrt0871jf6f1700,wysiwyr_real/data/TrainDataset/image/cju5vbo6jldrt0871jf6f1700.png,wysiwyr_real/data/TrainDataset/masks/cju5vbo6jldrt0871jf6f1700.png
train,cju87li0zn3yb0817kbwgjiz8,wysiwyr_real/data/TrainDataset/image/cju87li0zn3yb0817kbwgjiz8.png,wysiwyr_real/data/TrainDataset/masks/cju87li0zn3yb0817kbwgjiz8.png
train,cju35ldepdtlm0801yv79y8vu,wysiwyr_real/data/TrainDataset/image/cju35ldepdtlm0801yv79y8vu.png,wysiwyr_real/data/TrainDataset/masks/cju35ldepdtlm0801yv79y8vu.png
train,586,wysiwyr_real/data/TrainDataset/image/586.png,wysiwyr_real/data/TrainDataset/masks/586.png
train,cju15czxqp3lv0835jvhgzurz,wysiwyr_real/data/TrainDataset/image/cju15czxqp3lv0835jvhgzurz.png,wysiwyr_real/data/TrainDataset/masks/cju15czxqp3lv0835jvhgzurz.png
train,cju35atpxdjot0855q46aqrd0,wysiwyr_real/data/TrainDataset/image/cju35atpxdjot0855q46aqrd0.png,wysiwyr_real/data/TrainDataset/masks/cju35atpxdjot0855q46aqrd0.png
train,cju1efbr0rqxz09931z0lf4vf,wysiwyr_real/data/TrainDataset/image/cju1efbr0rqxz09931z0lf4vf.png,wysiwyr_real/data/TrainDataset/masks/cju1efbr0rqxz09931z0lf4vf.png
train,cju2r2obh2bjm08553kng0rh7,wysiwyr_real/data/TrainDataset/image/cju2r2obh2bjm08553kng0rh7.png,wysiwyr_real/data/TrainDataset/masks/cju2r2obh2bjm08553kng0rh7.png
train,232,wysiwyr_real/data/TrainDataset/image/232.png,wysiwyr_real/data/TrainDataset/masks/232.png
train,cju1cu1u2474n0878tt7v4tdr,wysiwyr_real/data/TrainDataset/image/cju1cu1u2474n0878tt7v4tdr.png,wysiwyr_real/data/TrainDataset/masks/cju1cu1u2474n0878tt7v4tdr.png
train,cju84aoa3ktwn0755pfl4gfwd,wysiwyr_real/data/TrainDataset/image/cju84aoa3ktwn0755pfl4gfwd.png,wysiwyr_real/data/TrainDataset/masks/cju84aoa3ktwn0755pfl4gfwd.png
train,91,wysiwyr_real/data/TrainDataset/image/91.png,wysiwyr_real/data/TrainDataset/masks/91.png
train,cju5f26ebcuai0818xlwh6116,wysiwyr_real/data/TrainDataset/image/cju5f26ebcuai0818xlwh6116.png,wysiwyr_real/data/TrainDataset/masks/cju5f26ebcuai0818xlwh6116.png
train,609,wysiwyr_real/data/TrainDataset/image/609.png,wysiwyr_real/data/TrainDataset/masks/609.png
train,579,wysiwyr_real/data/TrainDataset/image/579.png,wysiwyr_real/data/TrainDataset/masks/579.png
train,409,wysiwyr_real/data/TrainDataset/image/409.png,wysiwyr_real/data/TrainDataset/masks/409.png
train,cju2xd75m82720801q4s4ik3n,wysiwyr_real/data/TrainDataset/image/cju2xd75m82720801q4s4ik3n.png,wysiwyr_real/data/TrainDataset/masks/cju2xd75m82720801q4s4ik3n.png
train,cju0u2g7pmnux0801vkk47ivj,wysiwyr_real/data/TrainDataset/image/cju0u2g7pmnux0801vkk47ivj.png,wysiwyr_real/data/TrainDataset/masks/cju0u2g7pmnux0801vkk47ivj.png
train,376,wysiwyr_real/data/TrainDataset/image/376.png,wysiwyr_real/data/TrainDataset/masks/376.png
train,cju1c4fcu40hl07992b8gj0c8,wysiwyr_real/data/TrainDataset/image/cju1c4fcu40hl07992b8gj0c8.png,wysiwyr_real/data/TrainDataset/masks/cju1c4fcu40hl07992b8gj0c8.png
train,cju1bhnfitmge0835ynls0l6b,wysiwyr_real/data/TrainDataset/image/cju1bhnfitmge0835ynls0l6b.png,wysiwyr_real/data/TrainDataset/masks/cju1bhnfitmge0835ynls0l6b.png
train,350,wysiwyr_real/data/TrainDataset/image/350.png,wysiwyr_real/data/TrainDataset/masks/350.png
train,cju7f9umg2olj0987fj5y285w,wysiwyr_real/data/TrainDataset/image/cju7f9umg2olj0987fj5y285w.png,wysiwyr_real/data/TrainDataset/masks/cju7f9umg2olj0987fj5y285w.png
train,cju2tvrvm53ws0801a0jfjdxg,wysiwyr_real/data/TrainDataset/image/cju2tvrvm53ws0801a0jfjdxg.png,wysiwyr_real/data/TrainDataset/masks/cju2tvrvm53ws0801a0jfjdxg.png
train,cju787jnjzjuj0871p94nck9g,wysiwyr_real/data/TrainDataset/image/cju787jnjzjuj0871p94nck9g.png,wysiwyr_real/data/TrainDataset/masks/cju787jnjzjuj0871p94nck9g.png
train,cju0rx1idathl0835detmsp84,wysiwyr_real/data/TrainDataset/image/cju0rx1idathl0835detmsp84.png,wysiwyr_real/data/TrainDataset/masks/cju0rx1idathl0835detmsp84.png
train,cju33mirdc8mj0799k33wzoes,wysiwyr_real/data/TrainDataset/image/cju33mirdc8mj0799k33wzoes.png,wysiwyr_real/data/TrainDataset/masks/cju33mirdc8mj0799k33wzoes.png
train,594,wysiwyr_real/data/TrainDataset/image/594.png,wysiwyr_real/data/TrainDataset/masks/594.png
train,77,wysiwyr_real/data/TrainDataset/image/77.png,wysiwyr_real/data/TrainDataset/masks/77.png
train,cju2qqn5ys4uo0988ewrt2ip2,wysiwyr_real/data/TrainDataset/image/cju2qqn5ys4uo0988ewrt2ip2.png,wysiwyr_real/data/TrainDataset/masks/cju2qqn5ys4uo0988ewrt2ip2.png
train,521,wysiwyr_real/data/TrainDataset/image/521.png,wysiwyr_real/data/TrainDataset/masks/521.png
train,cju7frtqu2xa20818wq8r9fzf,wysiwyr_real/data/TrainDataset/image/cju7frtqu2xa20818wq8r9fzf.png,wysiwyr_real/data/TrainDataset/masks/cju7frtqu2xa20818wq8r9fzf.png
train,cju88q6h6obpd0871ckmiabbo,wysiwyr_real/data/TrainDataset/image/cju88q6h6obpd0871ckmiabbo.png,wysiwyr_real/data/TrainDataset/masks/cju88q6h6obpd0871ckmiabbo.png
train,cju8c5mxls96t0850wvkvsity,wysiwyr_real/data/TrainDataset/image/cju8c5mxls96t0850wvkvsity.png,wysiwyr_real/data/TrainDataset/masks/cju8c5mxls96t0850wvkvsity.png
train,cju5vcmrqla7i0817x4sp4pqw,wysiwyr_real/data/TrainDataset/image/cju5vcmrqla7i0817x4sp4pqw.png,wysiwyr_real/data/TrainDataset/masks/cju5vcmrqla7i0817x4sp4pqw.png
train,cju6yxyt0wh080871sqpepu47,wysiwyr_real/data/TrainDataset/image/cju6yxyt0wh080871sqpepu47.png,wysiwyr_real/data/TrainDataset/masks/cju6yxyt0wh080871sqpepu47.png
train,cju5knbbqfipk080128cggukq,wysiwyr_real/data/TrainDataset/image/cju5knbbqfipk080128cggukq.png,wysiwyr_real/data/TrainDataset/masks/cju5knbbqfipk080128cggukq.png
train,cju886ryxnsl50801r93jai7q,wysiwyr_real/data/TrainDataset/image/cju886ryxnsl50801r93jai7q.png,wysiwyr_real/data/TrainDataset/masks/cju886ryxnsl50801r93jai7q.png
train,239,wysiwyr_real/data/TrainDataset/image/239.png,wysiwyr_real/data/TrainDataset/masks/239.png
train,cju1fmsyf6gxb0801cimx2gle,wysiwyr_real/data/TrainDataset/image/cju1fmsyf6gxb0801cimx2gle.png,wysiwyr_real/data/TrainDataset/masks/cju1fmsyf6gxb0801cimx2gle.png
train,cju0s690hkp960855tjuaqvv0,wysiwyr_real/data/TrainDataset/image/cju0s690hkp960855tjuaqvv0.png,wysiwyr_real/data/TrainDataset/masks/cju0s690hkp960855tjuaqvv0.png
train,cju8cj10qsrau0871o2dr6ai1,wysiwyr_real/data/TrainDataset/image/cju8cj10qsrau0871o2dr6ai1.png,wysiwyr_real/data/TrainDataset/masks/cju8cj10qsrau0871o2dr6ai1.png
train,204,wysiwyr_real/data/TrainDataset/image/204.png,wysiwyr_real/data/TrainDataset/masks/204.png
train,152,wysiwyr_real/data/TrainDataset/image/152.png,wysiwyr_real/data/TrainDataset/masks/152.png
train,cju7dff9529h208503w60lbil,wysiwyr_real/data/TrainDataset/image/cju7dff9529h208503w60lbil.png,wysiwyr_real/data/TrainDataset/masks/cju7dff9529h208503w60lbil.png
train,cju5wkonqlrl409877y8zvnub,wysiwyr_real/data/TrainDataset/image/cju5wkonqlrl409877y8zvnub.png,wysiwyr_real/data/TrainDataset/masks/cju5wkonqlrl409877y8zvnub.png
train,189,wysiwyr_real/data/TrainDataset/image/189.png,wysiwyr_real/data/TrainDataset/masks/189.png
train,cju77196iyshb0850ycbto50a,wysiwyr_real/data/TrainDataset/image/cju77196iyshb0850ycbto50a.png,wysiwyr_real/data/TrainDataset/masks/cju77196iyshb0850ycbto50a.png
train,cju2zdhsczmn50988z64qwg2q,wysiwyr_real/data/TrainDataset/image/cju2zdhsczmn50988z64qwg2q.png,wysiwyr_real/data/TrainDataset/masks/cju2zdhsczmn50988z64qwg2q.png
train,cju13cgqmnhwn0988yrainhcp,wysiwyr_real/data/TrainDataset/image/cju13cgqmnhwn0988yrainhcp.png,wysiwyr_real/data/TrainDataset/masks/cju13cgqmnhwn0988yrainhcp.png
train,cju5uhrdwkmsu0817ervv91l8,wysiwyr_real/data/TrainDataset/image/cju5uhrdwkmsu0817ervv91l8.png,wysiwyr_real/data/TrainDataset/masks/cju5uhrdwkmsu0817ervv91l8.png
train,611,wysiwyr_real/data/TrainDataset/image/611.png,wysiwyr_real/data/TrainDataset/masks/611.png
train,263,wysiwyr_real/data/TrainDataset/image/263.png,wysiwyr_real/data/TrainDataset/masks/263.png
train,cjyzuio1qgh040763k56deohv,wysiwyr_real/data/TrainDataset/image/cjyzuio1qgh040763k56deohv.png,wysiwyr_real/data/TrainDataset/masks/cjyzuio1qgh040763k56deohv.png
train,cju2zjcvj9qma0801dk71hhi0,wysiwyr_real/data/TrainDataset/image/cju2zjcvj9qma0801dk71hhi0.png,wysiwyr_real/data/TrainDataset/masks/cju2zjcvj9qma0801dk71hhi0.png
train,cju2xbk0080y80801eghyddi2,wysiwyr_real/data/TrainDataset/image/cju2xbk0080y80801eghyddi2.png,wysiwyr_real/data/TrainDataset/masks/cju2xbk0080y80801eghyddi2.png
train,cju88msmoo3470817m441j4sg,wysiwyr_real/data/TrainDataset/image/cju88msmoo3470817m441j4sg.png,wysiwyr_real/data/TrainDataset/masks/cju88msmoo3470817m441j4sg.png
train,cju88z8bson4h0871nnd7fdxo,wysiwyr_real/data/TrainDataset/image/cju88z8bson4h0871nnd7fdxo.png,wysiwyr_real/data/TrainDataset/masks/cju88z8bson4h0871nnd7fdxo.png
train,cju5c5xc7algd0817pb1ej5yo,wysiwyr_real/data/TrainDataset/image/cju5c5xc7algd0817pb1ej5yo.png,wysiwyr_real/data/TrainDataset/masks/cju5c5xc7algd0817pb1ej5yo.png
train,cju1fyb1d69et0878muzdak9u,wysiwyr_real/data/TrainDataset/image/cju1fyb1d69et0878muzdak9u.png,wysiwyr_real/data/TrainDataset/masks/cju1fyb1d69et0878muzdak9u.png
train,534,wysiwyr_real/data/TrainDataset/image/534.png,wysiwyr_real/data/TrainDataset/masks/534.png
train,463,wysiwyr_real/data/TrainDataset/image/463.png,wysiwyr_real/data/TrainDataset/masks/463.png
train,cju42romflni20817etb9a0fl,wysiwyr_real/data/TrainDataset/image/cju42romflni20817etb9a0fl.png,wysiwyr_real/data/TrainDataset/masks/cju42romflni20817etb9a0fl.png
train,cju6z7e4bwgdd0987ogkzq9kt,wysiwyr_real/data/TrainDataset/image/cju6z7e4bwgdd0987ogkzq9kt.png,wysiwyr_real/data/TrainDataset/masks/cju6z7e4bwgdd0987ogkzq9kt.png
train,560,wysiwyr_real/data/TrainDataset/image/560.png,wysiwyr_real/data/TrainDataset/masks/560.png
train,607,wysiwyr_real/data/TrainDataset/image/607.png,wysiwyr_real/data/TrainDataset/masks/607.png
train,cju5tenjojp1j0755ms4949h2,wysiwyr_real/data/TrainDataset/image/cju5tenjojp1j0755ms4949h2.png,wysiwyr_real/data/TrainDataset/masks/cju5tenjojp1j0755ms4949h2.png
train,44,wysiwyr_real/data/TrainDataset/image/44.png,wysiwyr_real/data/TrainDataset/masks/44.png
train,cju7azuu31mia0801pf9ib5ed,wysiwyr_real/data/TrainDataset/image/cju7azuu31mia0801pf9ib5ed.png,wysiwyr_real/data/TrainDataset/masks/cju7azuu31mia0801pf9ib5ed.png
train,cju87xn2snfmv0987sc3d9xnq,wysiwyr_real/data/TrainDataset/image/cju87xn2snfmv0987sc3d9xnq.png,wysiwyr_real/data/TrainDataset/masks/cju87xn2snfmv0987sc3d9xnq.png
train,cju3tx1qyg0c907552fglumhc,wysiwyr_real/data/TrainDataset/image/cju3tx1qyg0c907552fglumhc.png,wysiwyr_real/data/TrainDataset/masks/cju3tx1qyg0c907552fglumhc.png
train,3,wysiwyr_real/data/TrainDataset/image/3.png,wysiwyr_real/data/TrainDataset/masks/3.png
train,cju1ewnoh5z030855vpex9uzt,wysiwyr_real/data/TrainDataset/image/cju1ewnoh5z030855vpex9uzt.png,wysiwyr_real/data/TrainDataset/masks/cju1ewnoh5z030855vpex9uzt.png
train,cju31ugmfb3dz0855xtqshki6,wysiwyr_real/data/TrainDataset/image/cju31ugmfb3dz0855xtqshki6.png,wysiwyr_real/data/TrainDataset/masks/cju31ugmfb3dz0855xtqshki6.png
train,cju7dizi82h2i0755doucgnt3,wysiwyr_real/data/TrainDataset/image/cju7dizi82h2i0755doucgnt3.png,wysiwyr_real/data/TrainDataset/masks/cju7dizi82h2i0755doucgnt3.png
train,cju40wto5kxwi0755it190f2k,wysiwyr_real/data/TrainDataset/image/cju40wto5kxwi0755it190f2k.png,wysiwyr_real/data/TrainDataset/masks/cju40wto5kxwi0755it190f2k.png
train,cju3u39fog1bo0871lxjrabks,wysiwyr_real/data/TrainDataset/image/cju3u39fog1bo0871lxjrabks.png,wysiwyr_real/data/TrainDataset/masks/cju3u39fog1bo0871lxjrabks.png
train,cju6x35ervu2808015c7eoqe4,wysiwyr_real/data/TrainDataset/image/cju6x35ervu2808015c7eoqe4.png,wysiwyr_real/data/TrainDataset/masks/cju6x35ervu2808015c7eoqe4.png
train,cju85fc11ljr40818edpb0inh,wysiwyr_real/data/TrainDataset/image/cju85fc11ljr40818edpb0inh.png,wysiwyr_real/data/TrainDataset/masks/cju85fc11ljr40818edpb0inh.png
train,253,wysiwyr_real/data/TrainDataset/image/253.png,wysiwyr_real/data/TrainDataset/masks/253.png
train,cju42dwedlmk60871jbgu4ehi,wysiwyr_real/data/TrainDataset/image/cju42dwedlmk60871jbgu4ehi.png,wysiwyr_real/data/TrainDataset/masks/cju42dwedlmk60871jbgu4ehi.png
train,93,wysiwyr_real/data/TrainDataset/image/93.png,wysiwyr_real/data/TrainDataset/masks/93.png
train,234,wysiwyr_real/data/TrainDataset/image/234.png,wysiwyr_real/data/TrainDataset/masks/234.png
train,cju7arvfe1ldu0850erdmphgj,wysiwyr_real/data/TrainDataset/image/cju7arvfe1ldu0850erdmphgj.png,wysiwyr_real/data/TrainDataset/masks/cju7arvfe1ldu0850erdmphgj.png
train,127,wysiwyr_real/data/TrainDataset/image/127.png,wysiwyr_real/data/TrainDataset/masks/127.png
train,cju7dubap2g0w0801fgl42mg9,wysiwyr_real/data/TrainDataset/image/cju7dubap2g0w0801fgl42mg9.png,wysiwyr_real/data/TrainDataset/masks/cju7dubap2g0w0801fgl42mg9.png
train,cju77b3wyz4160755qis4ljsb,wysiwyr_real/data/TrainDataset/image/cju77b3wyz4160755qis4ljsb.png,wysiwyr_real/data/TrainDataset/masks/cju77b3wyz4160755qis4ljsb.png
train,cju77u1sjz77b0817ft44r3fk,wysiwyr_real/data/TrainDataset/image/cju77u1sjz77b0817ft44r3fk.png,wysiwyr_real/data/TrainDataset/masks/cju77u1sjz77b0817ft44r3fk.png
train,40,wysiwyr_real/data/TrainDataset/image/40.png,wysiwyr_real/data/TrainDataset/masks/40.png
train,cju5jz5fff8c50871hbe6108f,wysiwyr_real/data/TrainDataset/image/cju5jz5fff8c50871hbe6108f.png,wysiwyr_real/data/TrainDataset/masks/cju5jz5fff8c50871hbe6108f.png
train,430,wysiwyr_real/data/TrainDataset/image/430.png,wysiwyr_real/data/TrainDataset/masks/430.png
train,155,wysiwyr_real/data/TrainDataset/image/155.png,wysiwyr_real/data/TrainDataset/masks/155.png
train,cju5huurrecm70801y680y13m,wysiwyr_real/data/TrainDataset/image/cju5huurrecm70801y680y13m.png,wysiwyr_real/data/TrainDataset/masks/cju5huurrecm70801y680y13m.png
train,265,wysiwyr_real/data/TrainDataset/image/265.png,wysiwyr_real/data/TrainDataset/masks/265.png
train,cju30bmab08bi0835mvlr6e0r,wysiwyr_real/data/TrainDataset/image/cju30bmab08bi0835mvlr6e0r.png,wysiwyr_real/data/TrainDataset/masks/cju30bmab08bi0835mvlr6e0r.png
train,cju7f900s2o0k08175gl1giid,wysiwyr_real/data/TrainDataset/image/cju7f900s2o0k08175gl1giid.png,wysiwyr_real/data/TrainDataset/masks/cju7f900s2o0k08175gl1giid.png
train,cju34sh43d8zm08019xbwhc0o,wysiwyr_real/data/TrainDataset/image/cju34sh43d8zm08019xbwhc0o.png,wysiwyr_real/data/TrainDataset/masks/cju34sh43d8zm08019xbwhc0o.png
train,cju17v6ih0u7808783zcbg1jy,wysiwyr_real/data/TrainDataset/image/cju17v6ih0u7808783zcbg1jy.png,wysiwyr_real/data/TrainDataset/masks/cju17v6ih0u7808783zcbg1jy.png
train,cju5f8hxdcxxn08188obby0ea,wysiwyr_real/data/TrainDataset/image/cju5f8hxdcxxn08188obby0ea.png,wysiwyr_real/data/TrainDataset/masks/cju5f8hxdcxxn08188obby0ea.png
train,cju2urqpwvxw70835rvndvtsi,wysiwyr_real/data/TrainDataset/image/cju2urqpwvxw70835rvndvtsi.png,wysiwyr_real/data/TrainDataset/masks/cju2urqpwvxw70835rvndvtsi.png
train,592,wysiwyr_real/data/TrainDataset/image/592.png,wysiwyr_real/data/TrainDataset/masks/592.png
train,72,wysiwyr_real/data/TrainDataset/image/72.png,wysiwyr_real/data/TrainDataset/masks/72.png
train,104,wysiwyr_real/data/TrainDataset/image/104.png,wysiwyr_real/data/TrainDataset/masks/104.png
train,cju1csmlc4ht10799b8ymmghg,wysiwyr_real/data/TrainDataset/image/cju1csmlc4ht10799b8ymmghg.png,wysiwyr_real/data/TrainDataset/masks/cju1csmlc4ht10799b8ymmghg.png
train,cju5y84q3mdv50817eyp82xf3,wysiwyr_real/data/TrainDataset/image/cju5y84q3mdv50817eyp82xf3.png,wysiwyr_real/data/TrainDataset/masks/cju5y84q3mdv50817eyp82xf3.png
train,536,wysiwyr_real/data/TrainDataset/image/536.png,wysiwyr_real/data/TrainDataset/masks/536.png
train,cju5ktjwofed70817eg58ef7u,wysiwyr_real/data/TrainDataset/image/cju5ktjwofed70817eg58ef7u.png,wysiwyr_real/data/TrainDataset/masks/cju5ktjwofed70817eg58ef7u.png
train,cju34ouumcznz07996gg1xq7v,wysiwyr_real/data/TrainDataset/image/cju34ouumcznz07996gg1xq7v.png,wysiwyr_real/data/TrainDataset/masks/cju34ouumcznz07996gg1xq7v.png
train,cju77idwfz36d0871tzfzz51i,wysiwyr_real/data/TrainDataset/image/cju77idwfz36d0871tzfzz51i.png,wysiwyr_real/data/TrainDataset/masks/cju77idwfz36d0871tzfzz51i.png
train,243,wysiwyr_real/data/TrainDataset/image/243.png,wysiwyr_real/data/TrainDataset/masks/243.png
train,382,wysiwyr_real/data/TrainDataset/image/382.png,wysiwyr_real/data/TrainDataset/masks/382.png
train,477,wysiwyr_real/data/TrainDataset/image/477.png,wysiwyr_real/data/TrainDataset/masks/477.png
train,346,wysiwyr_real/data/TrainDataset/image/346.png,wysiwyr_real/data/TrainDataset/masks/346.png
train,cju1brhsj3rls0855a1vgdlen,wysiwyr_real/data/TrainDataset/image/cju1brhsj3rls0855a1vgdlen.png,wysiwyr_real/data/TrainDataset/masks/cju1brhsj3rls0855a1vgdlen.png
train,cju42xpi8lw4w0871ve317a1p,wysiwyr_real/data/TrainDataset/image/cju42xpi8lw4w0871ve317a1p.png,wysiwyr_real/data/TrainDataset/masks/cju42xpi8lw4w0871ve317a1p.png
train,cju34repocy5208780gswillm,wysiwyr_real/data/TrainDataset/image/cju34repocy5208780gswillm.png,wysiwyr_real/data/TrainDataset/masks/cju34repocy5208780gswillm.png
train,cju34fojcctcf0799ebolbvkn,wysiwyr_real/data/TrainDataset/image/cju34fojcctcf0799ebolbvkn.png,wysiwyr_real/data/TrainDataset/masks/cju34fojcctcf0799ebolbvkn.png
train,422,wysiwyr_real/data/TrainDataset/image/422.png,wysiwyr_real/data/TrainDataset/masks/422.png
train,195,wysiwyr_real/data/TrainDataset/image/195.png,wysiwyr_real/data/TrainDataset/masks/195.png
train,256,wysiwyr_real/data/TrainDataset/image/256.png,wysiwyr_real/data/TrainDataset/masks/256.png
train,cju320gyvbch60801v2amdi2g,wysiwyr_real/data/TrainDataset/image/cju320gyvbch60801v2amdi2g.png,wysiwyr_real/data/TrainDataset/masks/cju320gyvbch60801v2amdi2g.png
train,149,wysiwyr_real/data/TrainDataset/image/149.png,wysiwyr_real/data/TrainDataset/masks/149.png
train,cju7f6cqy2ur20818t1saazbm,wysiwyr_real/data/TrainDataset/image/cju7f6cqy2ur20818t1saazbm.png,wysiwyr_real/data/TrainDataset/masks/cju7f6cqy2ur20818t1saazbm.png
train,cju5ekty5ckzf07550c9u3ckk,wysiwyr_real/data/TrainDataset/image/cju5ekty5ckzf07550c9u3ckk.png,wysiwyr_real/data/TrainDataset/masks/cju5ekty5ckzf07550c9u3ckk.png
train,cju2s16zp317h0799gr67jqc2,wysiwyr_real/data/TrainDataset/image/cju2s16zp317h0799gr67jqc2.png,wysiwyr_real/data/TrainDataset/masks/cju2s16zp317h0799gr67jqc2.png
train,145,wysiwyr_real/data/TrainDataset/image/145.png,wysiwyr_real/data/TrainDataset/masks/145.png
train,cju8bljw9rqk20801kr54akrl,wysiwyr_real/data/TrainDataset/image/cju8bljw9rqk20801kr54akrl.png,wysiwyr_real/data/TrainDataset/masks/cju8bljw9rqk20801kr54akrl.png
train,57,wysiwyr_real/data/TrainDataset/image/57.png,wysiwyr_real/data/TrainDataset/masks/57.png
train,cju2lyynuymli0855g7fxgbhe,wysiwyr_real/data/TrainDataset/image/cju2lyynuymli0855g7fxgbhe.png,wysiwyr_real/data/TrainDataset/masks/cju2lyynuymli0855g7fxgbhe.png
train,cju8dpa89u6l80818dj6lldh9,wysiwyr_real/data/TrainDataset/image/cju8dpa89u6l80818dj6lldh9.png,wysiwyr_real/data/TrainDataset/masks/cju8dpa89u6l80818dj6lldh9.png
train,cju7et17a2vjk0755e743npl1,wysiwyr_real/data/TrainDataset/image/cju7et17a2vjk0755e743npl1.png,wysiwyr_real/data/TrainDataset/masks/cju7et17a2vjk0755e743npl1.png
train,92,wysiwyr_real/data/TrainDataset/image/92.png,wysiwyr_real/data/TrainDataset/masks/92.png
train,34,wysiwyr_real/data/TrainDataset/image/34.png,wysiwyr_real/data/TrainDataset/masks/34.png
train,211,wysiwyr_real/data/TrainDataset/image/211.png,wysiwyr_real/data/TrainDataset/masks/211.png
train,cju7bc95p1mdm0817yqj5jc6j,wysiwyr_real/data/TrainDataset/image/cju7bc95p1mdm0817yqj5jc6j.png,wysiwyr_real/data/TrainDataset/masks/cju7bc95p1mdm0817yqj5jc6j.png
train,305,wysiwyr_real/data/TrainDataset/image/305.png,wysiwyr_real/data/TrainDataset/masks/305.png
train,383,wysiwyr_real/data/TrainDataset/image/383.png,wysiwyr_real/data/TrainDataset/masks/383.png
train,405,wysiwyr_real/data/TrainDataset/image/405.png,wysiwyr_real/data/TrainDataset/masks/405.png
train,cju5nxkujgscq0817l9gss626,wysiwyr_real/data/TrainDataset/image/cju5nxkujgscq0817l9gss626.png,wysiwyr_real/data/TrainDataset/masks/cju5nxkujgscq0817l9gss626.png
train,cju5bmhdcafs909878qfzrqzi,wysiwyr_real/data/TrainDataset/image/cju5bmhdcafs909878qfzrqzi.png,wysiwyr_real/data/TrainDataset/masks/cju5bmhdcafs909878qfzrqzi.png
train,cju1h5w4wxajx0835mc954kxy,wysiwyr_real/data/TrainDataset/image/cju1h5w4wxajx0835mc954kxy.png,wysiwyr_real/data/TrainDataset/masks/cju1h5w4wxajx0835mc954kxy.png
train,491,wysiwyr_real/data/TrainDataset/image/491.png,wysiwyr_real/data/TrainDataset/masks/491.png
train,608,wysiwyr_real/data/TrainDataset/image/608.png,wysiwyr_real/data/TrainDataset/masks/608.png
train,cju5eq8c8ck690850vix98hv3,wysiwyr_real/data/TrainDataset/image/cju5eq8c8ck690850vix98hv3.png,wysiwyr_real/data/TrainDataset/masks/cju5eq8c8ck690850vix98hv3.png
train,cju43kj2pm34f0850l28ahpni,wysiwyr_real/data/TrainDataset/image/cju43kj2pm34f0850l28ahpni.png,wysiwyr_real/data/TrainDataset/masks/cju43kj2pm34f0850l28ahpni.png
train,cju7ejm2l2ncl0801wq6y84nw,wysiwyr_real/data/TrainDataset/image/cju7ejm2l2ncl0801wq6y84nw.png,wysiwyr_real/data/TrainDataset/masks/cju7ejm2l2ncl0801wq6y84nw.png
train,cju2ouil2mssu0993hvxsed6d,wysiwyr_real/data/TrainDataset/image/cju2ouil2mssu0993hvxsed6d.png,wysiwyr_real/data/TrainDataset/masks/cju2ouil2mssu0993hvxsed6d.png
train,479,wysiwyr_real/data/TrainDataset/image/479.png,wysiwyr_real/data/TrainDataset/masks/479.png
train,cju5wj0faly5008187n6530af,wysiwyr_real/data/TrainDataset/image/cju5wj0faly5008187n6530af.png,wysiwyr_real/data/TrainDataset/masks/cju5wj0faly5008187n6530af.png
train,cju7db7lp2f400755tntd1ohf,wysiwyr_real/data/TrainDataset/image/cju7db7lp2f400755tntd1ohf.png,wysiwyr_real/data/TrainDataset/masks/cju7db7lp2f400755tntd1ohf.png
train,cju2hx006vidl0799igm81vmh,wysiwyr_real/data/TrainDataset/image/cju2hx006vidl0799igm81vmh.png,wysiwyr_real/data/TrainDataset/masks/cju2hx006vidl0799igm81vmh.png
train,330,wysiwyr_real/data/TrainDataset/image/330.png,wysiwyr_real/data/TrainDataset/masks/330.png
train,311,wysiwyr_real/data/TrainDataset/image/311.png,wysiwyr_real/data/TrainDataset/masks/311.png
train,cju7flevb2wii08188otgs9p2,wysiwyr_real/data/TrainDataset/image/cju7flevb2wii08188otgs9p2.png,wysiwyr_real/data/TrainDataset/masks/cju7flevb2wii08188otgs9p2.png
train,cju34uhepd3dd0799hs8782ad,wysiwyr_real/data/TrainDataset/image/cju34uhepd3dd0799hs8782ad.png,wysiwyr_real/data/TrainDataset/masks/cju34uhepd3dd0799hs8782ad.png
train,86,wysiwyr_real/data/TrainDataset/image/86.png,wysiwyr_real/data/TrainDataset/masks/86.png
train,cju2pjb9v0ywn0878j5g5n69j,wysiwyr_real/data/TrainDataset/image/cju2pjb9v0ywn0878j5g5n69j.png,wysiwyr_real/data/TrainDataset/masks/cju2pjb9v0ywn0878j5g5n69j.png
train,cju6ywm40wdbo0987pbftsvtg,wysiwyr_real/data/TrainDataset/image/cju6ywm40wdbo0987pbftsvtg.png,wysiwyr_real/data/TrainDataset/masks/cju6ywm40wdbo0987pbftsvtg.png
train,cju5hwonqedw10801vsd3w6kk,wysiwyr_real/data/TrainDataset/image/cju5hwonqedw10801vsd3w6kk.png,wysiwyr_real/data/TrainDataset/masks/cju5hwonqedw10801vsd3w6kk.png
train,cju1fj6axwfp30835ukhuzhw9,wysiwyr_real/data/TrainDataset/image/cju1fj6axwfp30835ukhuzhw9.png,wysiwyr_real/data/TrainDataset/masks/cju1fj6axwfp30835ukhuzhw9.png
train,cju5uzmaol56l0817flxh4w9p,wysiwyr_real/data/TrainDataset/image/cju5uzmaol56l0817flxh4w9p.png,wysiwyr_real/data/TrainDataset/masks/cju5uzmaol56l0817flxh4w9p.png
train,76,wysiwyr_real/data/TrainDataset/image/76.png,wysiwyr_real/data/TrainDataset/masks/76.png
train,cjyzurzvohqnr0794es1itzek,wysiwyr_real/data/TrainDataset/image/cjyzurzvohqnr0794es1itzek.png,wysiwyr_real/data/TrainDataset/masks/cjyzurzvohqnr0794es1itzek.png
train,cju2trbpkv0c00988hxla5dzz,wysiwyr_real/data/TrainDataset/image/cju2trbpkv0c00988hxla5dzz.png,wysiwyr_real/data/TrainDataset/masks/cju2trbpkv0c00988hxla5dzz.png
train,cju2yljr0yzhw0988ecf271ly,wysiwyr_real/data/TrainDataset/image/cju2yljr0yzhw0988ecf271ly.png,wysiwyr_real/data/TrainDataset/masks/cju2yljr0yzhw0988ecf271ly.png
train,58,wysiwyr_real/data/TrainDataset/image/58.png,wysiwyr_real/data/TrainDataset/masks/58.png
train,580,wysiwyr_real/data/TrainDataset/image/580.png,wysiwyr_real/data/TrainDataset/masks/580.png
train,570,wysiwyr_real/data/TrainDataset/image/570.png,wysiwyr_real/data/TrainDataset/masks/570.png
train,cju3uwz6ogsp10801h2r3bj5l,wysiwyr_real/data/TrainDataset/image/cju3uwz6ogsp10801h2r3bj5l.png,wysiwyr_real/data/TrainDataset/masks/cju3uwz6ogsp10801h2r3bj5l.png
train,589,wysiwyr_real/data/TrainDataset/image/589.png,wysiwyr_real/data/TrainDataset/masks/589.png
train,235,wysiwyr_real/data/TrainDataset/image/235.png,wysiwyr_real/data/TrainDataset/masks/235.png
train,cju7ebe962hr409872ovibahw,wysiwyr_real/data/TrainDataset/image/cju7ebe962hr409872ovibahw.png,wysiwyr_real/data/TrainDataset/masks/cju7ebe962hr409872ovibahw.png
train,cju1djtprvd7b0988thwwrg09,wysiwyr_real/data/TrainDataset/image/cju1djtprvd7b0988thwwrg09.png,wysiwyr_real/data/TrainDataset/masks/cju1djtprvd7b0988thwwrg09.png
train,cju2xwm1s84l50799i60mq0pu,wysiwyr_real/data/TrainDataset/image/cju2xwm1s84l50799i60mq0pu.png,wysiwyr_real/data/TrainDataset/masks/cju2xwm1s84l50799i60mq0pu.png
train,cju5kre09fhka0850h7b1898j,wysiwyr_real/data/TrainDataset/image/cju5kre09fhka0850h7b1898j.png,wysiwyr_real/data/TrainDataset/masks/cju5kre09fhka0850h7b1898j.png
train,cju5c7oijaqmq09878qwgqv8n,wysiwyr_real/data/TrainDataset/image/cju5c7oijaqmq09878qwgqv8n.png,wysiwyr_real/data/TrainDataset/masks/cju5c7oijaqmq09878qwgqv8n.png
train,cju412uwlkva50850d1ps1ww7,wysiwyr_real/data/TrainDataset/image/cju412uwlkva50850d1ps1ww7.png,wysiwyr_real/data/TrainDataset/masks/cju412uwlkva50850d1ps1ww7.png
train,558,wysiwyr_real/data/TrainDataset/image/558.png,wysiwyr_real/data/TrainDataset/masks/558.png
train,cju85l4yjlops0801fvmnwptf,wysiwyr_real/data/TrainDataset/image/cju85l4yjlops0801fvmnwptf.png,wysiwyr_real/data/TrainDataset/masks/cju85l4yjlops0801fvmnwptf.png
train,cju30qbm1ad3x0855znuhpz9u,wysiwyr_real/data/TrainDataset/image/cju30qbm1ad3x0855znuhpz9u.png,wysiwyr_real/data/TrainDataset/masks/cju30qbm1ad3x0855znuhpz9u.png
train,cju16jgnyzp970878melv7r25,wysiwyr_real/data/TrainDataset/image/cju16jgnyzp970878melv7r25.png,wysiwyr_real/data/TrainDataset/masks/cju16jgnyzp970878melv7r25.png
train,54,wysiwyr_real/data/TrainDataset/image/54.png,wysiwyr_real/data/TrainDataset/masks/54.png
train,216,wysiwyr_real/data/TrainDataset/image/216.png,wysiwyr_real/data/TrainDataset/masks/216.png
train,cju424hy5lckr085073fva1ok,wysiwyr_real/data/TrainDataset/image/cju424hy5lckr085073fva1ok.png,wysiwyr_real/data/TrainDataset/masks/cju424hy5lckr085073fva1ok.png
train,cju2zkpdl9h7t0799ix60teqg,wysiwyr_real/data/TrainDataset/image/cju2zkpdl9h7t0799ix60teqg.png,wysiwyr_real/data/TrainDataset/masks/cju2zkpdl9h7t0799ix60teqg.png
train,ck2bxskgxxzfv08386xkqtqdy,wysiwyr_real/data/TrainDataset/image/ck2bxskgxxzfv08386xkqtqdy.png,wysiwyr_real/data/TrainDataset/masks/ck2bxskgxxzfv08386xkqtqdy.png
train,cju7fd6yt2p740987wkr8exo1,wysiwyr_real/data/TrainDataset/image/cju7fd6yt2p740987wkr8exo1.png,wysiwyr_real/data/TrainDataset/masks/cju7fd6yt2p740987wkr8exo1.png
train,cju0qx73cjw570799j4n5cjze,wysiwyr_real/data/TrainDataset/image/cju0qx73cjw570799j4n5cjze.png,wysiwyr_real/data/TrainDataset/masks/cju0qx73cjw570799j4n5cjze.png
train,cju2xyd9vyi7m098831qcucse,wysiwyr_real/data/TrainDataset/image/cju2xyd9vyi7m098831qcucse.png,wysiwyr_real/data/TrainDataset/masks/cju2xyd9vyi7m098831qcucse.png
train,cju1c8ffau5770835g0g343o8,wysiwyr_real/data/TrainDataset/image/cju1c8ffau5770835g0g343o8.png,wysiwyr_real/data/TrainDataset/masks/cju1c8ffau5770835g0g343o8.png
train,cju16fpvhzypl0799p9phnlx6,wysiwyr_real/data/TrainDataset/image/cju16fpvhzypl0799p9phnlx6.png,wysiwyr_real/data/TrainDataset/masks/cju16fpvhzypl0799p9phnlx6.png
train,cju30525w04r10835ygp257sb,wysiwyr_real/data/TrainDataset/image/cju30525w04r10835ygp257sb.png,wysiwyr_real/data/TrainDataset/masks/cju30525w04r10835ygp257sb.png
train,cju5gucasds9d0801019axylx,wysiwyr_real/data/TrainDataset/image/cju5gucasds9d0801019axylx.png,wysiwyr_real/data/TrainDataset/masks/cju5gucasds9d0801019axylx.png
train,cju5u4pywk81x0817vn9pe14z,wysiwyr_real/data/TrainDataset/image/cju5u4pywk81x0817vn9pe14z.png,wysiwyr_real/data/TrainDataset/masks/cju5u4pywk81x0817vn9pe14z.png
train,32,wysiwyr_real/data/TrainDataset/image/32.png,wysiwyr_real/data/TrainDataset/masks/32.png
train,cju2z9vlp9j0w0801oag91sy9,wysiwyr_real/data/TrainDataset/image/cju2z9vlp9j0w0801oag91sy9.png,wysiwyr_real/data/TrainDataset/masks/cju2z9vlp9j0w0801oag91sy9.png
train,cju83u9ftk3ni0987qnhlcinv,wysiwyr_real/data/TrainDataset/image/cju83u9ftk3ni0987qnhlcinv.png,wysiwyr_real/data/TrainDataset/masks/cju83u9ftk3ni0987qnhlcinv.png
train,cju410dnfl0960755y8lu8d79,wysiwyr_real/data/TrainDataset/image/cju410dnfl0960755y8lu8d79.png,wysiwyr_real/data/TrainDataset/masks/cju410dnfl0960755y8lu8d79.png
train,415,wysiwyr_real/data/TrainDataset/image/415.png,wysiwyr_real/data/TrainDataset/masks/415.png
train,82,wysiwyr_real/data/TrainDataset/image/82.png,wysiwyr_real/data/TrainDataset/masks/82.png
train,123,wysiwyr_real/data/TrainDataset/image/123.png,wysiwyr_real/data/TrainDataset/masks/123.png
train,38,wysiwyr_real/data/TrainDataset/image/38.png,wysiwyr_real/data/TrainDataset/masks/38.png
train,cju302fqq9spc0878rrygyzzz,wysiwyr_real/data/TrainDataset/image/cju302fqq9spc0878rrygyzzz.png,wysiwyr_real/data/TrainDataset/masks/cju302fqq9spc0878rrygyzzz.png
train,cju2zi4l09f5807991s8do2b2,wysiwyr_real/data/TrainDataset/image/cju2zi4l09f5807991s8do2b2.png,wysiwyr_real/data/TrainDataset/masks/cju2zi4l09f5807991s8do2b2.png
train,120,wysiwyr_real/data/TrainDataset/image/120.png,wysiwyr_real/data/TrainDataset/masks/120.png
train,cju892fesoq2g0801n0e0jyia,wysiwyr_real/data/TrainDataset/image/cju892fesoq2g0801n0e0jyia.png,wysiwyr_real/data/TrainDataset/masks/cju892fesoq2g0801n0e0jyia.png
train,cju7adqyj1jcx08712r1ro5gx,wysiwyr_real/data/TrainDataset/image/cju7adqyj1jcx08712r1ro5gx.png,wysiwyr_real/data/TrainDataset/masks/cju7adqyj1jcx08712r1ro5gx.png
train,389,wysiwyr_real/data/TrainDataset/image/389.png,wysiwyr_real/data/TrainDataset/masks/389.png
train,427,wysiwyr_real/data/TrainDataset/image/427.png,wysiwyr_real/data/TrainDataset/masks/427.png
train,cjyzjzssvd8pq0838f4nolj5l,wysiwyr_real/data/TrainDataset/image/cjyzjzssvd8pq0838f4nolj5l.png,wysiwyr_real/data/TrainDataset/masks/cjyzjzssvd8pq0838f4nolj5l.png
train,cju31t8xd17bk0835rnb893jk,wysiwyr_real/data/TrainDataset/image/cju31t8xd17bk0835rnb893jk.png,wysiwyr_real/data/TrainDataset/masks/cju31t8xd17bk0835rnb893jk.png
train,cju3yb47cj1xq0817zfotbni4,wysiwyr_real/data/TrainDataset/image/cju3yb47cj1xq0817zfotbni4.png,wysiwyr_real/data/TrainDataset/masks/cju3yb47cj1xq0817zfotbni4.png
train,581,wysiwyr_real/data/TrainDataset/image/581.png,wysiwyr_real/data/TrainDataset/masks/581.png
train,ck2395w2mb4vu07480otsu6tw,wysiwyr_real/data/TrainDataset/image/ck2395w2mb4vu07480otsu6tw.png,wysiwyr_real/data/TrainDataset/masks/ck2395w2mb4vu07480otsu6tw.png
train,cju40jl7skiuo0817p0smlgg8,wysiwyr_real/data/TrainDataset/image/cju40jl7skiuo0817p0smlgg8.png,wysiwyr_real/data/TrainDataset/masks/cju40jl7skiuo0817p0smlgg8.png
train,cju2uokeg5jm20799xwgsyz89,wysiwyr_real/data/TrainDataset/image/cju2uokeg5jm20799xwgsyz89.png,wysiwyr_real/data/TrainDataset/masks/cju2uokeg5jm20799xwgsyz89.png
train,cju5woy82m07m08505dmjg7g1,wysiwyr_real/data/TrainDataset/image/cju5woy82m07m08505dmjg7g1.png,wysiwyr_real/data/TrainDataset/masks/cju5woy82m07m08505dmjg7g1.png
train,cju2xs6na81t20878pt6nkfip,wysiwyr_real/data/TrainDataset/image/cju2xs6na81t20878pt6nkfip.png,wysiwyr_real/data/TrainDataset/masks/cju2xs6na81t20878pt6nkfip.png
train,cju7dhpsc2dnn0818025m6857,wysiwyr_real/data/TrainDataset/image/cju7dhpsc2dnn0818025m6857.png,wysiwyr_real/data/TrainDataset/masks/cju7dhpsc2dnn0818025m6857.png
train,241,wysiwyr_real/data/TrainDataset/image/241.png,wysiwyr_real/data/TrainDataset/masks/241.png
train,cju8at3s1qqqx0850hcq8nmnq,wysiwyr_real/data/TrainDataset/image/cju8at3s1qqqx0850hcq8nmnq.png,wysiwyr_real/data/TrainDataset/masks/cju8at3s1qqqx0850hcq8nmnq.png
train,cju7bfx651qr80801cs7epotb,wysiwyr_real/data/TrainDataset/image/cju7bfx651qr80801cs7epotb.png,wysiwyr_real/data/TrainDataset/masks/cju7bfx651qr80801cs7epotb.png
train,cju324q101fhe08350wae9cif,wysiwyr_real/data/TrainDataset/image/cju324q101fhe08350wae9cif.png,wysiwyr_real/data/TrainDataset/masks/cju324q101fhe08350wae9cif.png
train,cju8c3xs7sauj0801ieyzezr5,wysiwyr_real/data/TrainDataset/image/cju8c3xs7sauj0801ieyzezr5.png,wysiwyr_real/data/TrainDataset/masks/cju8c3xs7sauj0801ieyzezr5.png
train,cju7dvl5m2n4t0755hlnnjjet,wysiwyr_real/data/TrainDataset/image/cju7dvl5m2n4t0755hlnnjjet.png,wysiwyr_real/data/TrainDataset/masks/cju7dvl5m2n4t0755hlnnjjet.png
train,cju5wuhm1lwm40987vugqn3vv,wysiwyr_real/data/TrainDataset/image/cju5wuhm1lwm40987vugqn3vv.png,wysiwyr_real/data/TrainDataset/masks/cju5wuhm1lwm40987vugqn3vv.png
train,cju5ew4h9cqaf0818rrczkmqh,wysiwyr_real/data/TrainDataset/image/cju5ew4h9cqaf0818rrczkmqh.png,wysiwyr_real/data/TrainDataset/masks/cju5ew4h9cqaf0818rrczkmqh.png
train,214,wysiwyr_real/data/TrainDataset/image/214.png,wysiwyr_real/data/TrainDataset/masks/214.png
train,cju7aifyo1p3n07552nxjx51f,wysiwyr_real/data/TrainDataset/image/cju7aifyo1p3n07552nxjx51f.png,wysiwyr_real/data/TrainDataset/masks/cju7aifyo1p3n07552nxjx51f.png
train,cju5hjxaae3i40850h5z2laf5,wysiwyr_real/data/TrainDataset/image/cju5hjxaae3i40850h5z2laf5.png,wysiwyr_real/data/TrainDataset/masks/cju5hjxaae3i40850h5z2laf5.png
train,cju2lz8vqktne0993fuym6drw,wysiwyr_real/data/TrainDataset/image/cju2lz8vqktne0993fuym6drw.png,wysiwyr_real/data/TrainDataset/masks/cju2lz8vqktne0993fuym6drw.png
train,394,wysiwyr_real/data/TrainDataset/image/394.png,wysiwyr_real/data/TrainDataset/masks/394.png
train,cju2qs32r1vys07999conmbvx,wysiwyr_real/data/TrainDataset/image/cju2qs32r1vys07999conmbvx.png,wysiwyr_real/data/TrainDataset/masks/cju2qs32r1vys07999conmbvx.png
train,46,wysiwyr_real/data/TrainDataset/image/46.png,wysiwyr_real/data/TrainDataset/masks/46.png
train,cju3280wv1ir009882jze27tc,wysiwyr_real/data/TrainDataset/image/cju3280wv1ir009882jze27tc.png,wysiwyr_real/data/TrainDataset/masks/cju3280wv1ir009882jze27tc.png
train,cju1gkndf6yi10801o1qnje19,wysiwyr_real/data/TrainDataset/image/cju1gkndf6yi10801o1qnje19.png,wysiwyr_real/data/TrainDataset/masks/cju1gkndf6yi10801o1qnje19.png
train,cju5i39mreass0817au8p22zy,wysiwyr_real/data/TrainDataset/image/cju5i39mreass0817au8p22zy.png,wysiwyr_real/data/TrainDataset/masks/cju5i39mreass0817au8p22zy.png
train,78,wysiwyr_real/data/TrainDataset/image/78.png,wysiwyr_real/data/TrainDataset/masks/78.png
train,164,wysiwyr_real/data/TrainDataset/image/164.png,wysiwyr_real/data/TrainDataset/masks/164.png
train,cju3y0pjrj1c30755nxekxccj,wysiwyr_real/data/TrainDataset/image/cju3y0pjrj1c30755nxekxccj.png,wysiwyr_real/data/TrainDataset/masks/cju3y0pjrj1c30755nxekxccj.png
train,cju1hs0za7jha0855vj0mdrjt,wysiwyr_real/data/TrainDataset/image/cju1hs0za7jha0855vj0mdrjt.png,wysiwyr_real/data/TrainDataset/masks/cju1hs0za7jha0855vj0mdrjt.png
train,cju7avvi51iox0817ym55y6tt,wysiwyr_real/data/TrainDataset/image/cju7avvi51iox0817ym55y6tt.png,wysiwyr_real/data/TrainDataset/masks/cju7avvi51iox0817ym55y6tt.png
train,cju2zxja9w1eh09933609ho9z,wysiwyr_real/data/TrainDataset/image/cju2zxja9w1eh09933609ho9z.png,wysiwyr_real/data/TrainDataset/masks/cju2zxja9w1eh09933609ho9z.png
train,cju3ttznuftyf09875t11850w,wysiwyr_real/data/TrainDataset/image/cju3ttznuftyf09875t11850w.png,wysiwyr_real/data/TrainDataset/masks/cju3ttznuftyf09875t11850w.png
train,102,wysiwyr_real/data/TrainDataset/image/102.png,wysiwyr_real/data/TrainDataset/masks/102.png
train,461,wysiwyr_real/data/TrainDataset/image/461.png,wysiwyr_real/data/TrainDataset/masks/461.png
train,cju1d31sp4d4k0878r3fr02ul,wysiwyr_real/data/TrainDataset/image/cju1d31sp4d4k0878r3fr02ul.png,wysiwyr_real/data/TrainDataset/masks/cju1d31sp4d4k0878r3fr02ul.png
train,cju1haab178i70799tk9z8y8x,wysiwyr_real/data/TrainDataset/image/cju1haab178i70799tk9z8y8x.png,wysiwyr_real/data/TrainDataset/masks/cju1haab178i70799tk9z8y8x.png
train,105,wysiwyr_real/data/TrainDataset/image/105.png,wysiwyr_real/data/TrainDataset/masks/105.png
train,cju2trtjf4qjd0878a2zle9v9,wysiwyr_real/data/TrainDataset/image/cju2trtjf4qjd0878a2zle9v9.png,wysiwyr_real/data/TrainDataset/masks/cju2trtjf4qjd0878a2zle9v9.png
train,cju87tyddnnad0755bj0wxahe,wysiwyr_real/data/TrainDataset/image/cju87tyddnnad0755bj0wxahe.png,wysiwyr_real/data/TrainDataset/masks/cju87tyddnnad0755bj0wxahe.png
train,cju7dqcwi2dz00850gcmr2ert,wysiwyr_real/data/TrainDataset/image/cju7dqcwi2dz00850gcmr2ert.png,wysiwyr_real/data/TrainDataset/masks/cju7dqcwi2dz00850gcmr2ert.png
train,582,wysiwyr_real/data/TrainDataset/image/582.png,wysiwyr_real/data/TrainDataset/masks/582.png
train,336,wysiwyr_real/data/TrainDataset/image/336.png,wysiwyr_real/data/TrainDataset/masks/336.png
train,cju17otoe119u0799nqcbl8n1,wysiwyr_real/data/TrainDataset/image/cju17otoe119u0799nqcbl8n1.png,wysiwyr_real/data/TrainDataset/masks/cju17otoe119u0799nqcbl8n1.png
train,cju7b2l561oas0871decgslaf,wysiwyr_real/data/TrainDataset/image/cju7b2l561oas0871decgslaf.png,wysiwyr_real/data/TrainDataset/masks/cju7b2l561oas0871decgslaf.png
train,496,wysiwyr_real/data/TrainDataset/image/496.png,wysiwyr_real/data/TrainDataset/masks/496.png
train,cju2nyc5f02m40801ojqbtiea,wysiwyr_real/data/TrainDataset/image/cju2nyc5f02m40801ojqbtiea.png,wysiwyr_real/data/TrainDataset/masks/cju2nyc5f02m40801ojqbtiea.png
train,567,wysiwyr_real/data/TrainDataset/image/567.png,wysiwyr_real/data/TrainDataset/masks/567.png
train,cju32phw2bv130801yj7bkouq,wysiwyr_real/data/TrainDataset/image/cju32phw2bv130801yj7bkouq.png,wysiwyr_real/data/TrainDataset/masks/cju32phw2bv130801yj7bkouq.png
train,484,wysiwyr_real/data/TrainDataset/image/484.png,wysiwyr_real/data/TrainDataset/masks/484.png
train,324,wysiwyr_real/data/TrainDataset/image/324.png,wysiwyr_real/data/TrainDataset/masks/324.png
train,cju13hp5rnbjx0835bf0jowgx,wysiwyr_real/data/TrainDataset/image/cju13hp5rnbjx0835bf0jowgx.png,wysiwyr_real/data/TrainDataset/masks/cju13hp5rnbjx0835bf0jowgx.png
train,568,wysiwyr_real/data/TrainDataset/image/568.png,wysiwyr_real/data/TrainDataset/masks/568.png
train,cju7dn24o296i09871qfxb8s2,wysiwyr_real/data/TrainDataset/image/cju7dn24o296i09871qfxb8s2.png,wysiwyr_real/data/TrainDataset/masks/cju7dn24o296i09871qfxb8s2.png
train,cju5wi6bqlxy90755bu227nvb,wysiwyr_real/data/TrainDataset/image/cju5wi6bqlxy90755bu227nvb.png,wysiwyr_real/data/TrainDataset/masks/cju5wi6bqlxy90755bu227nvb.png
train,cju7cq6su27qv075574dir0r3,wysiwyr_real/data/TrainDataset/image/cju7cq6su27qv075574dir0r3.png,wysiwyr_real/data/TrainDataset/masks/cju7cq6su27qv075574dir0r3.png
train,41,wysiwyr_real/data/TrainDataset/image/41.png,wysiwyr_real/data/TrainDataset/masks/41.png
train,cju3x4blzieu30850x10uuvbm,wysiwyr_real/data/TrainDataset/image/cju3x4blzieu30850x10uuvbm.png,wysiwyr_real/data/TrainDataset/masks/cju3x4blzieu30850x10uuvbm.png
train,367,wysiwyr_real/data/TrainDataset/image/367.png,wysiwyr_real/data/TrainDataset/masks/367.png
train,8,wysiwyr_real/data/TrainDataset/image/8.png,wysiwyr_real/data/TrainDataset/masks/8.png
train,393,wysiwyr_real/data/TrainDataset/image/393.png,wysiwyr_real/data/TrainDataset/masks/393.png
train,cju2t62nq45jl0799odpufwx6,wysiwyr_real/data/TrainDataset/image/cju2t62nq45jl0799odpufwx6.png,wysiwyr_real/data/TrainDataset/masks/cju2t62nq45jl0799odpufwx6.png
train,101,wysiwyr_real/data/TrainDataset/image/101.png,wysiwyr_real/data/TrainDataset/masks/101.png
train,cju7g7ba42z310987bqzbi2bq,wysiwyr_real/data/TrainDataset/image/cju7g7ba42z310987bqzbi2bq.png,wysiwyr_real/data/TrainDataset/masks/cju7g7ba42z310987bqzbi2bq.png
train,cju2yb31a8e8u0878wdashg7o,wysiwyr_real/data/TrainDataset/image/cju2yb31a8e8u0878wdashg7o.png,wysiwyr_real/data/TrainDataset/masks/cju2yb31a8e8u0878wdashg7o.png
train,81,wysiwyr_real/data/TrainDataset/image/81.png,wysiwyr_real/data/TrainDataset/masks/81.png
train,261,wysiwyr_real/data/TrainDataset/image/261.png,wysiwyr_real/data/TrainDataset/masks/261.png
train,cju42u5bjlvi10801dc13sskp,wysiwyr_real/data/TrainDataset/image/cju42u5bjlvi10801dc13sskp.png,wysiwyr_real/data/TrainDataset/masks/cju42u5bjlvi10801dc13sskp.png
train,576,wysiwyr_real/data/TrainDataset/image/576.png,wysiwyr_real/data/TrainDataset/masks/576.png
train,cju88l66no10s0850rsda7ej1,wysiwyr_real/data/TrainDataset/image/cju88l66no10s0850rsda7ej1.png,wysiwyr_real/data/TrainDataset/masks/cju88l66no10s0850rsda7ej1.png
train,cju83nwu1jxte0987h1krpfmv,wysiwyr_real/data/TrainDataset/image/cju83nwu1jxte0987h1krpfmv.png,wysiwyr_real/data/TrainDataset/masks/cju83nwu1jxte0987h1krpfmv.png
train,564,wysiwyr_real/data/TrainDataset/image/564.png,wysiwyr_real/data/TrainDataset/masks/564.png
train,213,wysiwyr_real/data/TrainDataset/image/213.png,wysiwyr_real/data/TrainDataset/masks/213.png
train,523,wysiwyr_real/data/TrainDataset/image/523.png,wysiwyr_real/data/TrainDataset/masks/523.png
train,121,wysiwyr_real/data/TrainDataset/image/121.png,wysiwyr_real/data/TrainDataset/masks/121.png
train,302,wysiwyr_real/data/TrainDataset/image/302.png,wysiwyr_real/data/TrainDataset/masks/302.png
train,6,wysiwyr_real/data/TrainDataset/image/6.png,wysiwyr_real/data/TrainDataset/masks/6.png
train,436,wysiwyr_real/data/TrainDataset/image/436.png,wysiwyr_real/data/TrainDataset/masks/436.png
train,cju6vvb8svhed0801jjcquh5e,wysiwyr_real/data/TrainDataset/image/cju6vvb8svhed0801jjcquh5e.png,wysiwyr_real/data/TrainDataset/masks/cju6vvb8svhed0801jjcquh5e.png
train,cju8chdlqsu620755azjty1tj,wysiwyr_real/data/TrainDataset/image/cju8chdlqsu620755azjty1tj.png,wysiwyr_real/data/TrainDataset/masks/cju8chdlqsu620755azjty1tj.png
train,cju85nr8elly209872w9n5m0s,wysiwyr_real/data/TrainDataset/image/cju85nr8elly209872w9n5m0s.png,wysiwyr_real/data/TrainDataset/masks/cju85nr8elly209872w9n5m0s.png
train,cju2tzypl4wss0799ow05oxb9,wysiwyr_real/data/TrainDataset/image/cju2tzypl4wss0799ow05oxb9.png,wysiwyr_real/data/TrainDataset/masks/cju2tzypl4wss0799ow05oxb9.png
train,530,wysiwyr_real/data/TrainDataset/image/530.png,wysiwyr_real/data/TrainDataset/masks/530.png
train,320,wysiwyr_real/data/TrainDataset/image/320.png,wysiwyr_real/data/TrainDataset/masks/320.png
train,cju5klveuff6w0871wbibgh3m,wysiwyr_real/data/TrainDataset/image/cju5klveuff6w0871wbibgh3m.png,wysiwyr_real/data/TrainDataset/masks/cju5klveuff6w0871wbibgh3m.png
train,206,wysiwyr_real/data/TrainDataset/image/206.png,wysiwyr_real/data/TrainDataset/masks/206.png
train,473,wysiwyr_real/data/TrainDataset/image/473.png,wysiwyr_real/data/TrainDataset/masks/473.png
train,cju2ricdv2iys0878sv1adh0u,wysiwyr_real/data/TrainDataset/image/cju2ricdv2iys0878sv1adh0u.png,wysiwyr_real/data/TrainDataset/masks/cju2ricdv2iys0878sv1adh0u.png
train,49,wysiwyr_real/data/TrainDataset/image/49.png,wysiwyr_real/data/TrainDataset/masks/49.png
train,cju2nd7l7z98o0799gfjvyfmw,wysiwyr_real/data/TrainDataset/image/cju2nd7l7z98o0799gfjvyfmw.png,wysiwyr_real/data/TrainDataset/masks/cju2nd7l7z98o0799gfjvyfmw.png
train,610,wysiwyr_real/data/TrainDataset/image/610.png,wysiwyr_real/data/TrainDataset/masks/610.png
train,cju34ds2531520988qjpqt6e3,wysiwyr_real/data/TrainDataset/image/cju34ds2531520988qjpqt6e3.png,wysiwyr_real/data/TrainDataset/masks/cju34ds2531520988qjpqt6e3.png
train,cju1dfeupuzlw0835gnxip369,wysiwyr_real/data/TrainDataset/image/cju1dfeupuzlw0835gnxip369.png,wysiwyr_real/data/TrainDataset/masks/cju1dfeupuzlw0835gnxip369.png
train,372,wysiwyr_real/data/TrainDataset/image/372.png,wysiwyr_real/data/TrainDataset/masks/372.png
train,67,wysiwyr_real/data/TrainDataset/image/67.png,wysiwyr_real/data/TrainDataset/masks/67.png
train,cju35oyvd3y850988km12hdz1,wysiwyr_real/data/TrainDataset/image/cju35oyvd3y850988km12hdz1.png,wysiwyr_real/data/TrainDataset/masks/cju35oyvd3y850988km12hdz1.png
train,cju43mkj9m8wb0871qiadahub,wysiwyr_real/data/TrainDataset/image/cju43mkj9m8wb0871qiadahub.png,wysiwyr_real/data/TrainDataset/masks/cju43mkj9m8wb0871qiadahub.png
train,37,wysiwyr_real/data/TrainDataset/image/37.png,wysiwyr_real/data/TrainDataset/masks/37.png
train,cju33yemn2qb20988wfjxximx,wysiwyr_real/data/TrainDataset/image/cju33yemn2qb20988wfjxximx.png,wysiwyr_real/data/TrainDataset/masks/cju33yemn2qb20988wfjxximx.png
train,cju87ox0kncom0801b98hqnd2,wysiwyr_real/data/TrainDataset/image/cju87ox0kncom0801b98hqnd2.png,wysiwyr_real/data/TrainDataset/masks/cju87ox0kncom0801b98hqnd2.png
train,cju5k7r0yf98c09878csbxb4d,wysiwyr_real/data/TrainDataset/image/cju5k7r0yf98c09878csbxb4d.png,wysiwyr_real/data/TrainDataset/masks/cju5k7r0yf98c09878csbxb4d.png
train,532,wysiwyr_real/data/TrainDataset/image/532.png,wysiwyr_real/data/TrainDataset/masks/532.png
train,cju7ap09p1kz10850ldccjebj,wysiwyr_real/data/TrainDataset/image/cju7ap09p1kz10850ldccjebj.png,wysiwyr_real/data/TrainDataset/masks/cju7ap09p1kz10850ldccjebj.png
train,cju1hmff8tkp809931jps6fbr,wysiwyr_real/data/TrainDataset/image/cju1hmff8tkp809931jps6fbr.png,wysiwyr_real/data/TrainDataset/masks/cju1hmff8tkp809931jps6fbr.png
train,552,wysiwyr_real/data/TrainDataset/image/552.png,wysiwyr_real/data/TrainDataset/masks/552.png
train,cju7d2q1k27nf08715zshsckt,wysiwyr_real/data/TrainDataset/image/cju7d2q1k27nf08715zshsckt.png,wysiwyr_real/data/TrainDataset/masks/cju7d2q1k27nf08715zshsckt.png
train,476,wysiwyr_real/data/TrainDataset/image/476.png,wysiwyr_real/data/TrainDataset/masks/476.png
train,414,wysiwyr_real/data/TrainDataset/image/414.png,wysiwyr_real/data/TrainDataset/masks/414.png
train,cju7emdni2py40871ivhxjtut,wysiwyr_real/data/TrainDataset/image/cju7emdni2py40871ivhxjtut.png,wysiwyr_real/data/TrainDataset/masks/cju7emdni2py40871ivhxjtut.png
train,129,wysiwyr_real/data/TrainDataset/image/129.png,wysiwyr_real/data/TrainDataset/masks/129.png
train,cju5chrxxawka0871qcj171yz,wysiwyr_real/data/TrainDataset/image/cju5chrxxawka0871qcj171yz.png,wysiwyr_real/data/TrainDataset/masks/cju5chrxxawka0871qcj171yz.png
train,cju7csvlb22fr0850lvm45n3x,wysiwyr_real/data/TrainDataset/image/cju7csvlb22fr0850lvm45n3x.png,wysiwyr_real/data/TrainDataset/masks/cju7csvlb22fr0850lvm45n3x.png
train,468,wysiwyr_real/data/TrainDataset/image/468.png,wysiwyr_real/data/TrainDataset/masks/468.png
train,345,wysiwyr_real/data/TrainDataset/image/345.png,wysiwyr_real/data/TrainDataset/masks/345.png
train,421,wysiwyr_real/data/TrainDataset/image/421.png,wysiwyr_real/data/TrainDataset/masks/421.png
train,cju8dk7eztzup08182yxko5zh,wysiwyr_real/data/TrainDataset/image/cju8dk7eztzup08182yxko5zh.png,wysiwyr_real/data/TrainDataset/masks/cju8dk7eztzup08182yxko5zh.png
train,cju5nyu31gv8e0871zpk74a2n,wysiwyr_real/data/TrainDataset/image/cju5nyu31gv8e0871zpk74a2n.png,wysiwyr_real/data/TrainDataset/masks/cju5nyu31gv8e0871zpk74a2n.png
train,284,wysiwyr_real/data/TrainDataset/image/284.png,wysiwyr_real/data/TrainDataset/masks/284.png
train,cju326h4v1gxw08352px40p7r,wysiwyr_real/data/TrainDataset/image/cju326h4v1gxw08352px40p7r.png,wysiwyr_real/data/TrainDataset/masks/cju326h4v1gxw08352px40p7r.png
train,cju2nfnvxzdkd0878399axlco,wysiwyr_real/data/TrainDataset/image/cju2nfnvxzdkd0878399axlco.png,wysiwyr_real/data/TrainDataset/masks/cju2nfnvxzdkd0878399axlco.png
train,601,wysiwyr_real/data/TrainDataset/image/601.png,wysiwyr_real/data/TrainDataset/masks/601.png
train,cju8c9akjsdjj0850s67uzlxq,wysiwyr_real/data/TrainDataset/image/cju8c9akjsdjj0850s67uzlxq.png,wysiwyr_real/data/TrainDataset/masks/cju8c9akjsdjj0850s67uzlxq.png
train,cju8b2rmgr52s0801p54eyflx,wysiwyr_real/data/TrainDataset/image/cju8b2rmgr52s0801p54eyflx.png,wysiwyr_real/data/TrainDataset/masks/cju8b2rmgr52s0801p54eyflx.png
train,cju303j5r062k098835zxfds5,wysiwyr_real/data/TrainDataset/image/cju303j5r062k098835zxfds5.png,wysiwyr_real/data/TrainDataset/masks/cju303j5r062k098835zxfds5.png
train,cju88k75inzyb0850ccv5x3vk,wysiwyr_real/data/TrainDataset/image/cju88k75inzyb0850ccv5x3vk.png,wysiwyr_real/data/TrainDataset/masks/cju88k75inzyb0850ccv5x3vk.png
train,cju5f0dezct4q08183ydw11dx,wysiwyr_real/data/TrainDataset/image/cju5f0dezct4q08183ydw11dx.png,wysiwyr_real/data/TrainDataset/masks/cju5f0dezct4q08183ydw11dx.png
train,cju1cvkfwqrec0993wbp1jlzm,wysiwyr_real/data/TrainDataset/image/cju1cvkfwqrec0993wbp1jlzm.png,wysiwyr_real/data/TrainDataset/masks/cju1cvkfwqrec0993wbp1jlzm.png
train,cju8bzzy2s66m08016z6mouqt,wysiwyr_real/data/TrainDataset/image/cju8bzzy2s66m08016z6mouqt.png,wysiwyr_real/data/TrainDataset/masks/cju8bzzy2s66m08016z6mouqt.png
train,cju83mki1jv5w0817kubxm31r,wysiwyr_real/data/TrainDataset/image/cju83mki1jv5w0817kubxm31r.png,wysiwyr_real/data/TrainDataset/masks/cju83mki1jv5w0817kubxm31r.png
train,588,wysiwyr_real/data/TrainDataset/image/588.png,wysiwyr_real/data/TrainDataset/masks/588.png
train,cju2lcyfgkf5809932fn9gucn,wysiwyr_real/data/TrainDataset/image/cju2lcyfgkf5809932fn9gucn.png,wysiwyr_real/data/TrainDataset/masks/cju2lcyfgkf5809932fn9gucn.png
train,cju6w733bveoz0817e600tw72,wysiwyr_real/data/TrainDataset/image/cju6w733bveoz0817e600tw72.png,wysiwyr_real/data/TrainDataset/masks/cju6w733bveoz0817e600tw72.png
train,606,wysiwyr_real/data/TrainDataset/image/606.png,wysiwyr_real/data/TrainDataset/masks/606.png
train,439,wysiwyr_real/data/TrainDataset/image/439.png,wysiwyr_real/data/TrainDataset/masks/439.png
train,cju3ua8u0g9rg0801uayhdxhu,wysiwyr_real/data/TrainDataset/image/cju3ua8u0g9rg0801uayhdxhu.png,wysiwyr_real/data/TrainDataset/masks/cju3ua8u0g9rg0801uayhdxhu.png
train,518,wysiwyr_real/data/TrainDataset/image/518.png,wysiwyr_real/data/TrainDataset/masks/518.png
train,cju2y5zas8m7f0801d34g5owq,wysiwyr_real/data/TrainDataset/image/cju2y5zas8m7f0801d34g5owq.png,wysiwyr_real/data/TrainDataset/masks/cju2y5zas8m7f0801d34g5owq.png
train,595,wysiwyr_real/data/TrainDataset/image/595.png,wysiwyr_real/data/TrainDataset/masks/595.png
train,19,wysiwyr_real/data/TrainDataset/image/19.png,wysiwyr_real/data/TrainDataset/masks/19.png
train,573,wysiwyr_real/data/TrainDataset/image/573.png,wysiwyr_real/data/TrainDataset/masks/573.png
train,cju17x0j4nfc10993y31pvlgs,wysiwyr_real/data/TrainDataset/image/cju17x0j4nfc10993y31pvlgs.png,wysiwyr_real/data/TrainDataset/masks/cju17x0j4nfc10993y31pvlgs.png
train,64,wysiwyr_real/data/TrainDataset/image/64.png,wysiwyr_real/data/TrainDataset/masks/64.png
train,578,wysiwyr_real/data/TrainDataset/image/578.png,wysiwyr_real/data/TrainDataset/masks/578.png
train,cju2nqapmzvk20801f9us40dx,wysiwyr_real/data/TrainDataset/image/cju2nqapmzvk20801f9us40dx.png,wysiwyr_real/data/TrainDataset/masks/cju2nqapmzvk20801f9us40dx.png
train,cju2rzpsmtb0f0835jabkbao1,wysiwyr_real/data/TrainDataset/image/cju2rzpsmtb0f0835jabkbao1.png,wysiwyr_real/data/TrainDataset/masks/cju2rzpsmtb0f0835jabkbao1.png
train,cju2rn0hasxri0835nfy3buay,wysiwyr_real/data/TrainDataset/image/cju2rn0hasxri0835nfy3buay.png,wysiwyr_real/data/TrainDataset/masks/cju2rn0hasxri0835nfy3buay.png
train,413,wysiwyr_real/data/TrainDataset/image/413.png,wysiwyr_real/data/TrainDataset/masks/413.png
train,cju2uzabhs6er0993x3aaf87p,wysiwyr_real/data/TrainDataset/image/cju2uzabhs6er0993x3aaf87p.png,wysiwyr_real/data/TrainDataset/masks/cju2uzabhs6er0993x3aaf87p.png
train,cju5eftctcdbj08712gdp989f,wysiwyr_real/data/TrainDataset/image/cju5eftctcdbj08712gdp989f.png,wysiwyr_real/data/TrainDataset/masks/cju5eftctcdbj08712gdp989f.png
train,cju85qefyln6v0850szeb9byi,wysiwyr_real/data/TrainDataset/image/cju85qefyln6v0850szeb9byi.png,wysiwyr_real/data/TrainDataset/masks/cju85qefyln6v0850szeb9byi.png
train,524,wysiwyr_real/data/TrainDataset/image/524.png,wysiwyr_real/data/TrainDataset/masks/524.png
train,cju2ro5jqsy680988pi6qsujw,wysiwyr_real/data/TrainDataset/image/cju2ro5jqsy680988pi6qsujw.png,wysiwyr_real/data/TrainDataset/masks/cju2ro5jqsy680988pi6qsujw.png
train,cju8dn0c3u2v50801k8rvq02f,wysiwyr_real/data/TrainDataset/image/cju8dn0c3u2v50801k8rvq02f.png,wysiwyr_real/data/TrainDataset/masks/cju8dn0c3u2v50801k8rvq02f.png
train,cju2rlqdnoz9k0993cpjae3x0,wysiwyr_real/data/TrainDataset/image/cju2rlqdnoz9k0993cpjae3x0.png,wysiwyr_real/data/TrainDataset/masks/cju2rlqdnoz9k0993cpjae3x0.png
train,cju2rnkt22xep0801as160g9t,wysiwyr_real/data/TrainDataset/image/cju2rnkt22xep0801as160g9t.png,wysiwyr_real/data/TrainDataset/masks/cju2rnkt22xep0801as160g9t.png
train,cju18ibp219ub08783i6o98g7,wysiwyr_real/data/TrainDataset/image/cju18ibp219ub08783i6o98g7.png,wysiwyr_real/data/TrainDataset/masks/cju18ibp219ub08783i6o98g7.png
train,602,wysiwyr_real/data/TrainDataset/image/602.png,wysiwyr_real/data/TrainDataset/masks/602.png
train,90,wysiwyr_real/data/TrainDataset/image/90.png,wysiwyr_real/data/TrainDataset/masks/90.png
train,cju8402x1kcy70801t6kz6bdi,wysiwyr_real/data/TrainDataset/image/cju8402x1kcy70801t6kz6bdi.png,wysiwyr_real/data/TrainDataset/masks/cju8402x1kcy70801t6kz6bdi.png
train,312,wysiwyr_real/data/TrainDataset/image/312.png,wysiwyr_real/data/TrainDataset/masks/312.png
train,cju2qn2fzs1vy0988l243cvzy,wysiwyr_real/data/TrainDataset/image/cju2qn2fzs1vy0988l243cvzy.png,wysiwyr_real/data/TrainDataset/masks/cju2qn2fzs1vy0988l243cvzy.png
train,cju8cdeazsm8h0801jxifmzur,wysiwyr_real/data/TrainDataset/image/cju8cdeazsm8h0801jxifmzur.png,wysiwyr_real/data/TrainDataset/masks/cju8cdeazsm8h0801jxifmzur.png
train,160,wysiwyr_real/data/TrainDataset/image/160.png,wysiwyr_real/data/TrainDataset/masks/160.png
train,352,wysiwyr_real/data/TrainDataset/image/352.png,wysiwyr_real/data/TrainDataset/masks/352.png
train,371,wysiwyr_real/data/TrainDataset/image/371.png,wysiwyr_real/data/TrainDataset/masks/371.png
train,cju2rkjfwoxys0993x768l1j2,wysiwyr_real/data/TrainDataset/image/cju2rkjfwoxys0993x768l1j2.png,wysiwyr_real/data/TrainDataset/masks/cju2rkjfwoxys0993x768l1j2.png
train,cju34aozyyy830993bn16u32n,wysiwyr_real/data/TrainDataset/image/cju34aozyyy830993bn16u32n.png,wysiwyr_real/data/TrainDataset/masks/cju34aozyyy830993bn16u32n.png
train,188,wysiwyr_real/data/TrainDataset/image/188.png,wysiwyr_real/data/TrainDataset/masks/188.png
train,cju7cl8zm1xcu0817ado0jpas,wysiwyr_real/data/TrainDataset/image/cju7cl8zm1xcu0817ado0jpas.png,wysiwyr_real/data/TrainDataset/masks/cju7cl8zm1xcu0817ado0jpas.png
train,cju8dm2cau2km0818jsv9eeq2,wysiwyr_real/data/TrainDataset/image/cju8dm2cau2km0818jsv9eeq2.png,wysiwyr_real/data/TrainDataset/masks/cju8dm2cau2km0818jsv9eeq2.png
train,cju2xjz2ju8pe0993ysv9wg17,wysiwyr_real/data/TrainDataset/image/cju2xjz2ju8pe0993ysv9wg17.png,wysiwyr_real/data/TrainDataset/masks/cju2xjz2ju8pe0993ysv9wg17.png
train,447,wysiwyr_real/data/TrainDataset/image/447.png,wysiwyr_real/data/TrainDataset/masks/447.png
train,cju7ev2b12owa08500bpfpwyw,wysiwyr_real/data/TrainDataset/image/cju7ev2b12owa08500bpfpwyw.png,wysiwyr_real/data/TrainDataset/masks/cju7ev2b12owa08500bpfpwyw.png
train,385,wysiwyr_real/data/TrainDataset/image/385.png,wysiwyr_real/data/TrainDataset/masks/385.png
train,cju0sr5ghl0nd08789uzf1raf,wysiwyr_real/data/TrainDataset/image/cju0sr5ghl0nd08789uzf1raf.png,wysiwyr_real/data/TrainDataset/masks/cju0sr5ghl0nd08789uzf1raf.png
train,7,wysiwyr_real/data/TrainDataset/image/7.png,wysiwyr_real/data/TrainDataset/masks/7.png
train,587,wysiwyr_real/data/TrainDataset/image/587.png,wysiwyr_real/data/TrainDataset/masks/587.png
train,130,wysiwyr_real/data/TrainDataset/image/130.png,wysiwyr_real/data/TrainDataset/masks/130.png
train,395,wysiwyr_real/data/TrainDataset/image/395.png,wysiwyr_real/data/TrainDataset/masks/395.png
train,cju32pzh9bpw10855q4vaxfhe,wysiwyr_real/data/TrainDataset/image/cju32pzh9bpw10855q4vaxfhe.png,wysiwyr_real/data/TrainDataset/masks/cju32pzh9bpw10855q4vaxfhe.png
train,cju2y0z6g87p10878fpk5d3rq,wysiwyr_real/data/TrainDataset/image/cju2y0z6g87p10878fpk5d3rq.png,wysiwyr_real/data/TrainDataset/masks/cju2y0z6g87p10878fpk5d3rq.png
train,295,wysiwyr_real/data/TrainDataset/image/295.png,wysiwyr_real/data/TrainDataset/masks/295.png
train,cju88itqbny720987hxizbj5y,wysiwyr_real/data/TrainDataset/image/cju88itqbny720987hxizbj5y.png,wysiwyr_real/data/TrainDataset/masks/cju88itqbny720987hxizbj5y.png
train,cju88oh0po9gq0801nge4tgr1,wysiwyr_real/data/TrainDataset/image/cju88oh0po9gq0801nge4tgr1.png,wysiwyr_real/data/TrainDataset/masks/cju88oh0po9gq0801nge4tgr1.png
train,cju87mrypnb1e0818scv1mxxg,wysiwyr_real/data/TrainDataset/image/cju87mrypnb1e0818scv1mxxg.png,wysiwyr_real/data/TrainDataset/masks/cju87mrypnb1e0818scv1mxxg.png
train,cju6wi3akvn8r0801px8eligc,wysiwyr_real/data/TrainDataset/image/cju6wi3akvn8r0801px8eligc.png,wysiwyr_real/data/TrainDataset/masks/cju6wi3akvn8r0801px8eligc.png
train,cju3tvffffx5f0818t5ov22al,wysiwyr_real/data/TrainDataset/image/cju3tvffffx5f0818t5ov22al.png,wysiwyr_real/data/TrainDataset/masks/cju3tvffffx5f0818t5ov22al.png
train,cju2t9tdwuk700835kv0ljmtl,wysiwyr_real/data/TrainDataset/image/cju2t9tdwuk700835kv0ljmtl.png,wysiwyr_real/data/TrainDataset/masks/cju2t9tdwuk700835kv0ljmtl.png
train,cju6v6g6kvdw007552x6mb0po,wysiwyr_real/data/TrainDataset/image/cju6v6g6kvdw007552x6mb0po.png,wysiwyr_real/data/TrainDataset/masks/cju6v6g6kvdw007552x6mb0po.png
train,133,wysiwyr_real/data/TrainDataset/image/133.png,wysiwyr_real/data/TrainDataset/masks/133.png
train,cju5eyfe9cpk90987laa7tsl3,wysiwyr_real/data/TrainDataset/image/cju5eyfe9cpk90987laa7tsl3.png,wysiwyr_real/data/TrainDataset/masks/cju5eyfe9cpk90987laa7tsl3.png
train,460,wysiwyr_real/data/TrainDataset/image/460.png,wysiwyr_real/data/TrainDataset/masks/460.png
train,490,wysiwyr_real/data/TrainDataset/image/490.png,wysiwyr_real/data/TrainDataset/masks/490.png
train,443,wysiwyr_real/data/TrainDataset/image/443.png,wysiwyr_real/data/TrainDataset/masks/443.png
train,cju41nz76lcxu0755cya2qefx,wysiwyr_real/data/TrainDataset/image/cju41nz76lcxu0755cya2qefx.png,wysiwyr_real/data/TrainDataset/masks/cju41nz76lcxu0755cya2qefx.png
train,cju7amjna1ly40871ugiokehb,wysiwyr_real/data/TrainDataset/image/cju7amjna1ly40871ugiokehb.png,wysiwyr_real/data/TrainDataset/masks/cju7amjna1ly40871ugiokehb.png
train,cju34eqjpcpm508788b3lhp97,wysiwyr_real/data/TrainDataset/image/cju34eqjpcpm508788b3lhp97.png,wysiwyr_real/data/TrainDataset/masks/cju34eqjpcpm508788b3lhp97.png
train,450,wysiwyr_real/data/TrainDataset/image/450.png,wysiwyr_real/data/TrainDataset/masks/450.png
train,39,wysiwyr_real/data/TrainDataset/image/39.png,wysiwyr_real/data/TrainDataset/masks/39.png
train,cju85bf1algsq0871y9gtlq97,wysiwyr_real/data/TrainDataset/image/cju85bf1algsq0871y9gtlq97.png,wysiwyr_real/data/TrainDataset/masks/cju85bf1algsq0871y9gtlq97.png
train,176,wysiwyr_real/data/TrainDataset/image/176.png,wysiwyr_real/data/TrainDataset/masks/176.png
train,cju85hguellg50818kwu3s8d1,wysiwyr_real/data/TrainDataset/image/cju85hguellg50818kwu3s8d1.png,wysiwyr_real/data/TrainDataset/masks/cju85hguellg50818kwu3s8d1.png
train,551,wysiwyr_real/data/TrainDataset/image/551.png,wysiwyr_real/data/TrainDataset/masks/551.png
train,260,wysiwyr_real/data/TrainDataset/image/260.png,wysiwyr_real/data/TrainDataset/masks/260.png
train,cjyzkpsbjdsjq07211dfi4sru,wysiwyr_real/data/TrainDataset/image/cjyzkpsbjdsjq07211dfi4sru.png,wysiwyr_real/data/TrainDataset/masks/cjyzkpsbjdsjq07211dfi4sru.png
train,469,wysiwyr_real/data/TrainDataset/image/469.png,wysiwyr_real/data/TrainDataset/masks/469.png
train,504,wysiwyr_real/data/TrainDataset/image/504.png,wysiwyr_real/data/TrainDataset/masks/504.png
train,cju849c23kgnk0817cgv2hw1e,wysiwyr_real/data/TrainDataset/image/cju849c23kgnk0817cgv2hw1e.png,wysiwyr_real/data/TrainDataset/masks/cju849c23kgnk0817cgv2hw1e.png
train,280,wysiwyr_real/data/TrainDataset/image/280.png,wysiwyr_real/data/TrainDataset/masks/280.png
train,604,wysiwyr_real/data/TrainDataset/image/604.png,wysiwyr_real/data/TrainDataset/masks/604.png
train,cjyzk8qieoboa0848ogj51wwm,wysiwyr_real/data/TrainDataset/image/cjyzk8qieoboa0848ogj51wwm.png,wysiwyr_real/data/TrainDataset/masks/cjyzk8qieoboa0848ogj51wwm.png
train,cju5wrapcm2290818jsh26ppb,wysiwyr_real/data/TrainDataset/image/cju5wrapcm2290818jsh26ppb.png,wysiwyr_real/data/TrainDataset/masks/cju5wrapcm2290818jsh26ppb.png
train,cju3xhpvvimda0987ygrpzni2,wysiwyr_real/data/TrainDataset/image/cju3xhpvvimda0987ygrpzni2.png,wysiwyr_real/data/TrainDataset/masks/cju3xhpvvimda0987ygrpzni2.png
train,115,wysiwyr_real/data/TrainDataset/image/115.png,wysiwyr_real/data/TrainDataset/masks/115.png
train,cju77bvg0yv4r0987yh60xmjo,wysiwyr_real/data/TrainDataset/image/cju77bvg0yv4r0987yh60xmjo.png,wysiwyr_real/data/TrainDataset/masks/cju77bvg0yv4r0987yh60xmjo.png
train,cju7bmi1v1pnj0987pa52jjok,wysiwyr_real/data/TrainDataset/image/cju7bmi1v1pnj0987pa52jjok.png,wysiwyr_real/data/TrainDataset/masks/cju7bmi1v1pnj0987pa52jjok.png
train,cju1hyolc7aqu0878rrkfn1lr,wysiwyr_real/data/TrainDataset/image/cju1hyolc7aqu0878rrkfn1lr.png,wysiwyr_real/data/TrainDataset/masks/cju1hyolc7aqu0878rrkfn1lr.png
train,cjyzu9th0qt4r0a46pyl4zik0,wysiwyr_real/data/TrainDataset/image/cjyzu9th0qt4r0a46pyl4zik0.png,wysiwyr_real/data/TrainDataset/masks/cjyzu9th0qt4r0a46pyl4zik0.png
train,401,wysiwyr_real/data/TrainDataset/image/401.png,wysiwyr_real/data/TrainDataset/masks/401.png
train,cju7f4sc62xqj075597xpmuoy,wysiwyr_real/data/TrainDataset/image/cju7f4sc62xqj075597xpmuoy.png,wysiwyr_real/data/TrainDataset/masks/cju7f4sc62xqj075597xpmuoy.png
train,cju30k2z40ds308353kdew70n,wysiwyr_real/data/TrainDataset/image/cju30k2z40ds308353kdew70n.png,wysiwyr_real/data/TrainDataset/masks/cju30k2z40ds308353kdew70n.png
train,cju8914beokbf0850isxpocrk,wysiwyr_real/data/TrainDataset/image/cju8914beokbf0850isxpocrk.png,wysiwyr_real/data/TrainDataset/masks/cju8914beokbf0850isxpocrk.png
train,502,wysiwyr_real/data/TrainDataset/image/502.png,wysiwyr_real/data/TrainDataset/masks/502.png
train,522,wysiwyr_real/data/TrainDataset/image/522.png,wysiwyr_real/data/TrainDataset/masks/522.png
train,514,wysiwyr_real/data/TrainDataset/image/514.png,wysiwyr_real/data/TrainDataset/masks/514.png
train,cju0t4oil7vzk099370nun5h9,wysiwyr_real/data/TrainDataset/image/cju0t4oil7vzk099370nun5h9.png,wysiwyr_real/data/TrainDataset/masks/cju0t4oil7vzk099370nun5h9.png
train,cju2txjfzv60w098839dcimys,wysiwyr_real/data/TrainDataset/image/cju2txjfzv60w098839dcimys.png,wysiwyr_real/data/TrainDataset/masks/cju2txjfzv60w098839dcimys.png
train,cju430pm2lz0y0755jkhcc3d1,wysiwyr_real/data/TrainDataset/image/cju430pm2lz0y0755jkhcc3d1.png,wysiwyr_real/data/TrainDataset/masks/cju430pm2lz0y0755jkhcc3d1.png
train,cju7apr0c1qqm0755s7msqot4,wysiwyr_real/data/TrainDataset/image/cju7apr0c1qqm0755s7msqot4.png,wysiwyr_real/data/TrainDataset/masks/cju7apr0c1qqm0755s7msqot4.png
train,cju6z9a9kwsl007552s49rx6i,wysiwyr_real/data/TrainDataset/image/cju6z9a9kwsl007552s49rx6i.png,wysiwyr_real/data/TrainDataset/masks/cju6z9a9kwsl007552s49rx6i.png
train,cju2raxlosl630988jdbfy9b0,wysiwyr_real/data/TrainDataset/image/cju2raxlosl630988jdbfy9b0.png,wysiwyr_real/data/TrainDataset/masks/cju2raxlosl630988jdbfy9b0.png
train,cju77q10sz9ug0801449wu1nu,wysiwyr_real/data/TrainDataset/image/cju77q10sz9ug0801449wu1nu.png,wysiwyr_real/data/TrainDataset/masks/cju77q10sz9ug0801449wu1nu.png
train,cju89z6pqpqfx0817mfv8ixjc,wysiwyr_real/data/TrainDataset/image/cju89z6pqpqfx0817mfv8ixjc.png,wysiwyr_real/data/TrainDataset/masks/cju89z6pqpqfx0817mfv8ixjc.png
train,223,wysiwyr_real/data/TrainDataset/image/223.png,wysiwyr_real/data/TrainDataset/masks/223.png
train,83,wysiwyr_real/data/TrainDataset/image/83.png,wysiwyr_real/data/TrainDataset/masks/83.png
train,cju8bff9nrfi10850fmfzbf8v,wysiwyr_real/data/TrainDataset/image/cju8bff9nrfi10850fmfzbf8v.png,wysiwyr_real/data/TrainDataset/masks/cju8bff9nrfi10850fmfzbf8v.png
train,cju8a56vxpy780850r45yu4wk,wysiwyr_real/data/TrainDataset/image/cju8a56vxpy780850r45yu4wk.png,wysiwyr_real/data/TrainDataset/masks/cju8a56vxpy780850r45yu4wk.png
train,208,wysiwyr_real/data/TrainDataset/image/208.png,wysiwyr_real/data/TrainDataset/masks/208.png
train,cju30xqmh0ni00835ix3batv1,wysiwyr_real/data/TrainDataset/image/cju30xqmh0ni00835ix3batv1.png,wysiwyr_real/data/TrainDataset/masks/cju30xqmh0ni00835ix3batv1.png
train,cju2saez63gxl08559ucjq3kt,wysiwyr_real/data/TrainDataset/image/cju2saez63gxl08559ucjq3kt.png,wysiwyr_real/data/TrainDataset/masks/cju2saez63gxl08559ucjq3kt.png
train,326,wysiwyr_real/data/TrainDataset/image/326.png,wysiwyr_real/data/TrainDataset/masks/326.png
train,ck2bxpfgxu2mk0748gsh7xelu,wysiwyr_real/data/TrainDataset/image/ck2bxpfgxu2mk0748gsh7xelu.png,wysiwyr_real/data/TrainDataset/masks/ck2bxpfgxu2mk0748gsh7xelu.png
train,283,wysiwyr_real/data/TrainDataset/image/283.png,wysiwyr_real/data/TrainDataset/masks/283.png
train,cju45n0oxn5vu08500yfrt9jn,wysiwyr_real/data/TrainDataset/image/cju45n0oxn5vu08500yfrt9jn.png,wysiwyr_real/data/TrainDataset/masks/cju45n0oxn5vu08500yfrt9jn.png
train,cju1ftaji6isw0855108yqcse,wysiwyr_real/data/TrainDataset/image/cju1ftaji6isw0855108yqcse.png,wysiwyr_real/data/TrainDataset/masks/cju1ftaji6isw0855108yqcse.png
train,323,wysiwyr_real/data/TrainDataset/image/323.png,wysiwyr_real/data/TrainDataset/masks/323.png
train,cju2ma647l0nj0993ot4deq2q,wysiwyr_real/data/TrainDataset/image/cju2ma647l0nj0993ot4deq2q.png,wysiwyr_real/data/TrainDataset/masks/cju2ma647l0nj0993ot4deq2q.png
train,196,wysiwyr_real/data/TrainDataset/image/196.png,wysiwyr_real/data/TrainDataset/masks/196.png
train,cju5fydrud94708507vo6oy21,wysiwyr_real/data/TrainDataset/image/cju5fydrud94708507vo6oy21.png,wysiwyr_real/data/TrainDataset/masks/cju5fydrud94708507vo6oy21.png
train,cju175facms5f0993a5tjikvt,wysiwyr_real/data/TrainDataset/image/cju175facms5f0993a5tjikvt.png,wysiwyr_real/data/TrainDataset/masks/cju175facms5f0993a5tjikvt.png
train,298,wysiwyr_real/data/TrainDataset/image/298.png,wysiwyr_real/data/TrainDataset/masks/298.png
train,cju5yhgznmkzb0801cji2vi8j,wysiwyr_real/data/TrainDataset/image/cju5yhgznmkzb0801cji2vi8j.png,wysiwyr_real/data/TrainDataset/masks/cju5yhgznmkzb0801cji2vi8j.png
train,cju14hjh2ob2o0835ouz3r5aa,wysiwyr_real/data/TrainDataset/image/cju14hjh2ob2o0835ouz3r5aa.png,wysiwyr_real/data/TrainDataset/masks/cju14hjh2ob2o0835ouz3r5aa.png
train,156,wysiwyr_real/data/TrainDataset/image/156.png,wysiwyr_real/data/TrainDataset/masks/156.png
train,cju300m3s04fg0988uzupuf7z,wysiwyr_real/data/TrainDataset/image/cju300m3s04fg0988uzupuf7z.png,wysiwyr_real/data/TrainDataset/masks/cju300m3s04fg0988uzupuf7z.png
train,546,wysiwyr_real/data/TrainDataset/image/546.png,wysiwyr_real/data/TrainDataset/masks/546.png
train,cju83kxitjv340987z09m0ezy,wysiwyr_real/data/TrainDataset/image/cju83kxitjv340987z09m0ezy.png,wysiwyr_real/data/TrainDataset/masks/cju83kxitjv340987z09m0ezy.png
train,ck2bxqz3evvg20794iiyv5v2m,wysiwyr_real/data/TrainDataset/image/ck2bxqz3evvg20794iiyv5v2m.png,wysiwyr_real/data/TrainDataset/masks/ck2bxqz3evvg20794iiyv5v2m.png
train,cju8bm24yrrdp081829mbo8ic,wysiwyr_real/data/TrainDataset/image/cju8bm24yrrdp081829mbo8ic.png,wysiwyr_real/data/TrainDataset/masks/cju8bm24yrrdp081829mbo8ic.png
train,cju15l5ubz9yh0855b3ivdpse,wysiwyr_real/data/TrainDataset/image/cju15l5ubz9yh0855b3ivdpse.png,wysiwyr_real/data/TrainDataset/masks/cju15l5ubz9yh0855b3ivdpse.png
train,cju7ctvqn25dy08186g442m1r,wysiwyr_real/data/TrainDataset/image/cju7ctvqn25dy08186g442m1r.png,wysiwyr_real/data/TrainDataset/masks/cju7ctvqn25dy08186g442m1r.png
train,cju2phaksnahz0993yxogjcpv,wysiwyr_real/data/TrainDataset/image/cju2phaksnahz0993yxogjcpv.png,wysiwyr_real/data/TrainDataset/masks/cju2phaksnahz0993yxogjcpv.png
train,cju2okvco06xc0799kxe5n1qh,wysiwyr_real/data/TrainDataset/image/cju2okvco06xc0799kxe5n1qh.png,wysiwyr_real/data/TrainDataset/masks/cju2okvco06xc0799kxe5n1qh.png
train,159,wysiwyr_real/data/TrainDataset/image/159.png,wysiwyr_real/data/TrainDataset/masks/159.png
train,288,wysiwyr_real/data/TrainDataset/image/288.png,wysiwyr_real/data/TrainDataset/masks/288.png
train,cju0qoxqj9q6s0835b43399p4,wysiwyr_real/data/TrainDataset/image/cju0qoxqj9q6s0835b43399p4.png,wysiwyr_real/data/TrainDataset/masks/cju0qoxqj9q6s0835b43399p4.png
train,cju6z1bzbwfq50817b2alatvr,wysiwyr_real/data/TrainDataset/image/cju6z1bzbwfq50817b2alatvr.png,wysiwyr_real/data/TrainDataset/masks/cju6z1bzbwfq50817b2alatvr.png
train,182,wysiwyr_real/data/TrainDataset/image/182.png,wysiwyr_real/data/TrainDataset/masks/182.png
train,cju1b0y2e396p08558ois175d,wysiwyr_real/data/TrainDataset/image/cju1b0y2e396p08558ois175d.png,wysiwyr_real/data/TrainDataset/masks/cju1b0y2e396p08558ois175d.png
train,cju77t0razbvm080106o56289,wysiwyr_real/data/TrainDataset/image/cju77t0razbvm080106o56289.png,wysiwyr_real/data/TrainDataset/masks/cju77t0razbvm080106o56289.png
train,281,wysiwyr_real/data/TrainDataset/image/281.png,wysiwyr_real/data/TrainDataset/masks/281.png
train,375,wysiwyr_real/data/TrainDataset/image/375.png,wysiwyr_real/data/TrainDataset/masks/375.png
train,583,wysiwyr_real/data/TrainDataset/image/583.png,wysiwyr_real/data/TrainDataset/masks/583.png
train,cju2zrojo9kcd0878ld2epejq,wysiwyr_real/data/TrainDataset/image/cju2zrojo9kcd0878ld2epejq.png,wysiwyr_real/data/TrainDataset/masks/cju2zrojo9kcd0878ld2epejq.png
train,cju8b7aqtr4a00987coba14b7,wysiwyr_real/data/TrainDataset/image/cju8b7aqtr4a00987coba14b7.png,wysiwyr_real/data/TrainDataset/masks/cju8b7aqtr4a00987coba14b7.png
train,378,wysiwyr_real/data/TrainDataset/image/378.png,wysiwyr_real/data/TrainDataset/masks/378.png
train,cju8azmhcr66e0755t61atz72,wysiwyr_real/data/TrainDataset/image/cju8azmhcr66e0755t61atz72.png,wysiwyr_real/data/TrainDataset/masks/cju8azmhcr66e0755t61atz72.png
train,cju16b6ynq8e40988m8vx0xnj,wysiwyr_real/data/TrainDataset/image/cju16b6ynq8e40988m8vx0xnj.png,wysiwyr_real/data/TrainDataset/masks/cju16b6ynq8e40988m8vx0xnj.png
train,cju5ft6mcd5q40987rhjgbrr6,wysiwyr_real/data/TrainDataset/image/cju5ft6mcd5q40987rhjgbrr6.png,wysiwyr_real/data/TrainDataset/masks/cju5ft6mcd5q40987rhjgbrr6.png
train,512,wysiwyr_real/data/TrainDataset/image/512.png,wysiwyr_real/data/TrainDataset/masks/512.png
train,4,wysiwyr_real/data/TrainDataset/image/4.png,wysiwyr_real/data/TrainDataset/masks/4.png
train,cju5thdbrjp1108715xdfx356,wysiwyr_real/data/TrainDataset/image/cju5thdbrjp1108715xdfx356.png,wysiwyr_real/data/TrainDataset/masks/cju5thdbrjp1108715xdfx356.png
train,cju6xlygpw7bs0818n691jsq4,wysiwyr_real/data/TrainDataset/image/cju6xlygpw7bs0818n691jsq4.png,wysiwyr_real/data/TrainDataset/masks/cju6xlygpw7bs0818n691jsq4.png
train,cju3v3ac9gyz30755hfqwyp1i,wysiwyr_real/data/TrainDataset/image/cju3v3ac9gyz30755hfqwyp1i.png,wysiwyr_real/data/TrainDataset/masks/cju3v3ac9gyz30755hfqwyp1i.png
train,43,wysiwyr_real/data/TrainDataset/image/43.png,wysiwyr_real/data/TrainDataset/masks/43.png
train,245,wysiwyr_real/data/TrainDataset/image/245.png,wysiwyr_real/data/TrainDataset/masks/245.png
train,432,wysiwyr_real/data/TrainDataset/image/432.png,wysiwyr_real/data/TrainDataset/masks/432.png
train,170,wysiwyr_real/data/TrainDataset/image/170.png,wysiwyr_real/data/TrainDataset/masks/170.png
train,36,wysiwyr_real/data/TrainDataset/image/36.png,wysiwyr_real/data/TrainDataset/masks/36.png
train,cju7d9seq29zd0871nzl2uu5m,wysiwyr_real/data/TrainDataset/image/cju7d9seq29zd0871nzl2uu5m.png,wysiwyr_real/data/TrainDataset/masks/cju7d9seq29zd0871nzl2uu5m.png
train,cju85mpuglq8k0818d2it6hzb,wysiwyr_real/data/TrainDataset/image/cju85mpuglq8k0818d2it6hzb.png,wysiwyr_real/data/TrainDataset/masks/cju85mpuglq8k0818d2it6hzb.png
train,cju7cue9b232j0801qdzk1ykj,wysiwyr_real/data/TrainDataset/image/cju7cue9b232j0801qdzk1ykj.png,wysiwyr_real/data/TrainDataset/masks/cju7cue9b232j0801qdzk1ykj.png
train,cju3wstckialg0871xs0vevsj,wysiwyr_real/data/TrainDataset/image/cju3wstckialg0871xs0vevsj.png,wysiwyr_real/data/TrainDataset/masks/cju3wstckialg0871xs0vevsj.png
train,356,wysiwyr_real/data/TrainDataset/image/356.png,wysiwyr_real/data/TrainDataset/masks/356.png
train,cju8b8yair65w09878pyqtr96,wysiwyr_real/data/TrainDataset/image/cju8b8yair65w09878pyqtr96.png,wysiwyr_real/data/TrainDataset/masks/cju8b8yair65w09878pyqtr96.png
train,cju2qfie4rvz508357kad9z5o,wysiwyr_real/data/TrainDataset/image/cju2qfie4rvz508357kad9z5o.png,wysiwyr_real/data/TrainDataset/masks/cju2qfie4rvz508357kad9z5o.png
train,cju422cm8lfxn0818ojicxejb,wysiwyr_real/data/TrainDataset/image/cju422cm8lfxn0818ojicxejb.png,wysiwyr_real/data/TrainDataset/masks/cju422cm8lfxn0818ojicxejb.png
train,cju2nsmwjlzyl0993jl80chvz,wysiwyr_real/data/TrainDataset/image/cju2nsmwjlzyl0993jl80chvz.png,wysiwyr_real/data/TrainDataset/masks/cju2nsmwjlzyl0993jl80chvz.png
train,199,wysiwyr_real/data/TrainDataset/image/199.png,wysiwyr_real/data/TrainDataset/masks/199.png
train,94,wysiwyr_real/data/TrainDataset/image/94.png,wysiwyr_real/data/TrainDataset/masks/94.png
train,411,wysiwyr_real/data/TrainDataset/image/411.png,wysiwyr_real/data/TrainDataset/masks/411.png
train,535,wysiwyr_real/data/TrainDataset/image/535.png,wysiwyr_real/data/TrainDataset/masks/535.png
train,cju5bhv81abur0850ean02atv,wysiwyr_real/data/TrainDataset/image/cju5bhv81abur0850ean02atv.png,wysiwyr_real/data/TrainDataset/masks/cju5bhv81abur0850ean02atv.png
train,29,wysiwyr_real/data/TrainDataset/image/29.png,wysiwyr_real/data/TrainDataset/masks/29.png
train,cju1ffnjn6ctm08015perkg37,wysiwyr_real/data/TrainDataset/image/cju1ffnjn6ctm08015perkg37.png,wysiwyr_real/data/TrainDataset/masks/cju1ffnjn6ctm08015perkg37.png
train,cju6wll7wvo3y08502pagos8m,wysiwyr_real/data/TrainDataset/image/cju6wll7wvo3y08502pagos8m.png,wysiwyr_real/data/TrainDataset/masks/cju6wll7wvo3y08502pagos8m.png
train,cju33eqwbcch208012jikwdky,wysiwyr_real/data/TrainDataset/image/cju33eqwbcch208012jikwdky.png,wysiwyr_real/data/TrainDataset/masks/cju33eqwbcch208012jikwdky.png
train,cju5cetivauok0987ok3e5bre,wysiwyr_real/data/TrainDataset/image/cju5cetivauok0987ok3e5bre.png,wysiwyr_real/data/TrainDataset/masks/cju5cetivauok0987ok3e5bre.png
train,cju32a52lb9rc0799xi40qs00,wysiwyr_real/data/TrainDataset/image/cju32a52lb9rc0799xi40qs00.png,wysiwyr_real/data/TrainDataset/masks/cju32a52lb9rc0799xi40qs00.png
train,517,wysiwyr_real/data/TrainDataset/image/517.png,wysiwyr_real/data/TrainDataset/masks/517.png
train,cju7druhp2gp308715i6km7be,wysiwyr_real/data/TrainDataset/image/cju7druhp2gp308715i6km7be.png,wysiwyr_real/data/TrainDataset/masks/cju7druhp2gp308715i6km7be.png
train,cju847pxykriq0755268ktrk2,wysiwyr_real/data/TrainDataset/image/cju847pxykriq0755268ktrk2.png,wysiwyr_real/data/TrainDataset/masks/cju847pxykriq0755268ktrk2.png
train,510,wysiwyr_real/data/TrainDataset/image/510.png,wysiwyr_real/data/TrainDataset/masks/510.png
train,cju0ue769mxii08019zqgdbxn,wysiwyr_real/data/TrainDataset/image/cju0ue769mxii08019zqgdbxn.png,wysiwyr_real/data/TrainDataset/masks/cju0ue769mxii08019zqgdbxn.png
train,cju85citjlnfm0755i4rk5tqj,wysiwyr_real/data/TrainDataset/image/cju85citjlnfm0755i4rk5tqj.png,wysiwyr_real/data/TrainDataset/masks/cju85citjlnfm0755i4rk5tqj.png
train,cjyzl833ndne80838pzuq6ila,wysiwyr_real/data/TrainDataset/image/cjyzl833ndne80838pzuq6ila.png,wysiwyr_real/data/TrainDataset/masks/cjyzl833ndne80838pzuq6ila.png
train,cju2wxv0hxs2f09884w48v8fi,wysiwyr_real/data/TrainDataset/image/cju2wxv0hxs2f09884w48v8fi.png,wysiwyr_real/data/TrainDataset/masks/cju2wxv0hxs2f09884w48v8fi.png
train,cju32csyfblyh080170aa3x5p,wysiwyr_real/data/TrainDataset/image/cju32csyfblyh080170aa3x5p.png,wysiwyr_real/data/TrainDataset/masks/cju32csyfblyh080170aa3x5p.png
train,357,wysiwyr_real/data/TrainDataset/image/357.png,wysiwyr_real/data/TrainDataset/masks/357.png
train,cju439oazm2fu0871ma0vvrft,wysiwyr_real/data/TrainDataset/image/cju439oazm2fu0871ma0vvrft.png,wysiwyr_real/data/TrainDataset/masks/cju439oazm2fu0871ma0vvrft.png
train,cju7dbppn28nx085097654msi,wysiwyr_real/data/TrainDataset/image/cju7dbppn28nx085097654msi.png,wysiwyr_real/data/TrainDataset/masks/cju7dbppn28nx085097654msi.png
train,cju8axq24r4an0755yhv9d4ly,wysiwyr_real/data/TrainDataset/image/cju8axq24r4an0755yhv9d4ly.png,wysiwyr_real/data/TrainDataset/masks/cju8axq24r4an0755yhv9d4ly.png
train,605,wysiwyr_real/data/TrainDataset/image/605.png,wysiwyr_real/data/TrainDataset/masks/605.png
train,289,wysiwyr_real/data/TrainDataset/image/289.png,wysiwyr_real/data/TrainDataset/masks/289.png
train,cju5boicjagt20871b1fotkh4,wysiwyr_real/data/TrainDataset/image/cju5boicjagt20871b1fotkh4.png,wysiwyr_real/data/TrainDataset/masks/cju5boicjagt20871b1fotkh4.png
train,cju1f15k3w4ct0835cmde6ypo,wysiwyr_real/data/TrainDataset/image/cju1f15k3w4ct0835cmde6ypo.png,wysiwyr_real/data/TrainDataset/masks/cju1f15k3w4ct0835cmde6ypo.png
train,cju2p4ddkmzxj0993p94o62av,wysiwyr_real/data/TrainDataset/image/cju2p4ddkmzxj0993p94o62av.png,wysiwyr_real/data/TrainDataset/masks/cju2p4ddkmzxj0993p94o62av.png
train,cju7etr3y2p4t0801cdzjj8ab,wysiwyr_real/data/TrainDataset/image/cju7etr3y2p4t0801cdzjj8ab.png,wysiwyr_real/data/TrainDataset/masks/cju7etr3y2p4t0801cdzjj8ab.png
train,cju76lsehyia10987u54vn8rb,wysiwyr_real/data/TrainDataset/image/cju76lsehyia10987u54vn8rb.png,wysiwyr_real/data/TrainDataset/masks/cju76lsehyia10987u54vn8rb.png
train,cju88v2f9oi8w0871hx9auh01,wysiwyr_real/data/TrainDataset/image/cju88v2f9oi8w0871hx9auh01.png,wysiwyr_real/data/TrainDataset/masks/cju88v2f9oi8w0871hx9auh01.png
train,209,wysiwyr_real/data/TrainDataset/image/209.png,wysiwyr_real/data/TrainDataset/masks/209.png
train,cju42py9mlqyd0818u3d1d7ga,wysiwyr_real/data/TrainDataset/image/cju42py9mlqyd0818u3d1d7ga.png,wysiwyr_real/data/TrainDataset/masks/cju42py9mlqyd0818u3d1d7ga.png
train,103,wysiwyr_real/data/TrainDataset/image/103.png,wysiwyr_real/data/TrainDataset/masks/103.png
train,cju88aq6vo1ij0755c2ey7z7n,wysiwyr_real/data/TrainDataset/image/cju88aq6vo1ij0755c2ey7z7n.png,wysiwyr_real/data/TrainDataset/masks/cju88aq6vo1ij0755c2ey7z7n.png
train,150,wysiwyr_real/data/TrainDataset/image/150.png,wysiwyr_real/data/TrainDataset/masks/150.png
train,cju7eotqi2qea0871y8yc7tqh,wysiwyr_real/data/TrainDataset/image/cju7eotqi2qea0871y8yc7tqh.png,wysiwyr_real/data/TrainDataset/masks/cju7eotqi2qea0871y8yc7tqh.png
train,cju1f320ewfyu0988ndz6blh5,wysiwyr_real/data/TrainDataset/image/cju1f320ewfyu0988ndz6blh5.png,wysiwyr_real/data/TrainDataset/masks/cju1f320ewfyu0988ndz6blh5.png
train,cju3v56bwgy8v0871w14pz8fx,wysiwyr_real/data/TrainDataset/image/cju3v56bwgy8v0871w14pz8fx.png,wysiwyr_real/data/TrainDataset/masks/cju3v56bwgy8v0871w14pz8fx.png
train,27,wysiwyr_real/data/TrainDataset/image/27.png,wysiwyr_real/data/TrainDataset/masks/27.png
train,cju8b1v3br45u087189kku66u,wysiwyr_real/data/TrainDataset/image/cju8b1v3br45u087189kku66u.png,wysiwyr_real/data/TrainDataset/masks/cju8b1v3br45u087189kku66u.png
train,cju5x7iskmad90818frchyfwd,wysiwyr_real/data/TrainDataset/image/cju5x7iskmad90818frchyfwd.png,wysiwyr_real/data/TrainDataset/masks/cju5x7iskmad90818frchyfwd.png
train,cju42nm68lpyo0818xvvqmupq,wysiwyr_real/data/TrainDataset/image/cju42nm68lpyo0818xvvqmupq.png,wysiwyr_real/data/TrainDataset/masks/cju42nm68lpyo0818xvvqmupq.png
train,175,wysiwyr_real/data/TrainDataset/image/175.png,wysiwyr_real/data/TrainDataset/masks/175.png
train,cju5i5oh2efg60987ez6cpf72,wysiwyr_real/data/TrainDataset/image/cju5i5oh2efg60987ez6cpf72.png,wysiwyr_real/data/TrainDataset/masks/cju5i5oh2efg60987ez6cpf72.png
train,cju30ia8da2bq0799klnehml2,wysiwyr_real/data/TrainDataset/image/cju30ia8da2bq0799klnehml2.png,wysiwyr_real/data/TrainDataset/masks/cju30ia8da2bq0799klnehml2.png
train,141,wysiwyr_real/data/TrainDataset/image/141.png,wysiwyr_real/data/TrainDataset/masks/141.png
train,cju7er4kc2opa0801anuxc0eb,wysiwyr_real/data/TrainDataset/image/cju7er4kc2opa0801anuxc0eb.png,wysiwyr_real/data/TrainDataset/masks/cju7er4kc2opa0801anuxc0eb.png
train,438,wysiwyr_real/data/TrainDataset/image/438.png,wysiwyr_real/data/TrainDataset/masks/438.png
train,ck2da7fwcjfis07218r1rvm95,wysiwyr_real/data/TrainDataset/image/ck2da7fwcjfis07218r1rvm95.png,wysiwyr_real/data/TrainDataset/masks/ck2da7fwcjfis07218r1rvm95.png
train,cju8aw9n1qyg10801jkjlmors,wysiwyr_real/data/TrainDataset/image/cju8aw9n1qyg10801jkjlmors.png,wysiwyr_real/data/TrainDataset/masks/cju8aw9n1qyg10801jkjlmors.png
train,319,wysiwyr_real/data/TrainDataset/image/319.png,wysiwyr_real/data/TrainDataset/masks/319.png
train,cju1cyjb5qtie0993njqne9m3,wysiwyr_real/data/TrainDataset/image/cju1cyjb5qtie0993njqne9m3.png,wysiwyr_real/data/TrainDataset/masks/cju1cyjb5qtie0993njqne9m3.png
train,cju5bj926aiec07559rshy4wa,wysiwyr_real/data/TrainDataset/image/cju5bj926aiec07559rshy4wa.png,wysiwyr_real/data/TrainDataset/masks/cju5bj926aiec07559rshy4wa.png
train,cju18kevfrojc0835bn90f1in,wysiwyr_real/data/TrainDataset/image/cju18kevfrojc0835bn90f1in.png,wysiwyr_real/data/TrainDataset/masks/cju18kevfrojc0835bn90f1in.png
train,cju41s6nbleqy0755e2mslg0b,wysiwyr_real/data/TrainDataset/image/cju41s6nbleqy0755e2mslg0b.png,wysiwyr_real/data/TrainDataset/masks/cju41s6nbleqy0755e2mslg0b.png
train,cju5ht88gedbu0755xrcuddcx,wysiwyr_real/data/TrainDataset/image/cju5ht88gedbu0755xrcuddcx.png,wysiwyr_real/data/TrainDataset/masks/cju5ht88gedbu0755xrcuddcx.png
train,cju0roawvklrq0799vmjorwfv,wysiwyr_real/data/TrainDataset/image/cju0roawvklrq0799vmjorwfv.png,wysiwyr_real/data/TrainDataset/masks/cju0roawvklrq0799vmjorwfv.png
train,cju7b1ygu1msd0801hywhy0mc,wysiwyr_real/data/TrainDataset/image/cju7b1ygu1msd0801hywhy0mc.png,wysiwyr_real/data/TrainDataset/masks/cju7b1ygu1msd0801hywhy0mc.png
train,cju30lncba3ny0878jwnous8n,wysiwyr_real/data/TrainDataset/image/cju30lncba3ny0878jwnous8n.png,wysiwyr_real/data/TrainDataset/masks/cju30lncba3ny0878jwnous8n.png
train,190,wysiwyr_real/data/TrainDataset/image/190.png,wysiwyr_real/data/TrainDataset/masks/190.png
train,341,wysiwyr_real/data/TrainDataset/image/341.png,wysiwyr_real/data/TrainDataset/masks/341.png
train,117,wysiwyr_real/data/TrainDataset/image/117.png,wysiwyr_real/data/TrainDataset/masks/117.png
train,cju35740hzm0g0993zl5ic246,wysiwyr_real/data/TrainDataset/image/cju35740hzm0g0993zl5ic246.png,wysiwyr_real/data/TrainDataset/masks/cju35740hzm0g0993zl5ic246.png
train,369,wysiwyr_real/data/TrainDataset/image/369.png,wysiwyr_real/data/TrainDataset/masks/369.png
train,cju785htizjzo08017tvlhtg4,wysiwyr_real/data/TrainDataset/image/cju785htizjzo08017tvlhtg4.png,wysiwyr_real/data/TrainDataset/masks/cju785htizjzo08017tvlhtg4.png
train,88,wysiwyr_real/data/TrainDataset/image/88.png,wysiwyr_real/data/TrainDataset/masks/88.png
train,cju1drnhbrb9409935wi7vkhg,wysiwyr_real/data/TrainDataset/image/cju1drnhbrb9409935wi7vkhg.png,wysiwyr_real/data/TrainDataset/masks/cju1drnhbrb9409935wi7vkhg.png
train,cju0tl3uz8blh0993wxvn7ly3,wysiwyr_real/data/TrainDataset/image/cju0tl3uz8blh0993wxvn7ly3.png,wysiwyr_real/data/TrainDataset/masks/cju0tl3uz8blh0993wxvn7ly3.png
train,cju8abobpqbir08189u01huru,wysiwyr_real/data/TrainDataset/image/cju8abobpqbir08189u01huru.png,wysiwyr_real/data/TrainDataset/masks/cju8abobpqbir08189u01huru.png
train,cju3v664kh0px0818y4y7wolf,wysiwyr_real/data/TrainDataset/image/cju3v664kh0px0818y4y7wolf.png,wysiwyr_real/data/TrainDataset/masks/cju3v664kh0px0818y4y7wolf.png
train,cju84kplnl1y30755ropua1b0,wysiwyr_real/data/TrainDataset/image/cju84kplnl1y30755ropua1b0.png,wysiwyr_real/data/TrainDataset/masks/cju84kplnl1y30755ropua1b0.png
train,cju15ptjtppz40988odsm9azx,wysiwyr_real/data/TrainDataset/image/cju15ptjtppz40988odsm9azx.png,wysiwyr_real/data/TrainDataset/masks/cju15ptjtppz40988odsm9azx.png
train,511,wysiwyr_real/data/TrainDataset/image/511.png,wysiwyr_real/data/TrainDataset/masks/511.png
train,cju5bdwa3aatx0818b79i18zf,wysiwyr_real/data/TrainDataset/image/cju5bdwa3aatx0818b79i18zf.png,wysiwyr_real/data/TrainDataset/masks/cju5bdwa3aatx0818b79i18zf.png
train,cju2sxf3iqbpv09937iksn8ep,wysiwyr_real/data/TrainDataset/image/cju2sxf3iqbpv09937iksn8ep.png,wysiwyr_real/data/TrainDataset/masks/cju2sxf3iqbpv09937iksn8ep.png
train,408,wysiwyr_real/data/TrainDataset/image/408.png,wysiwyr_real/data/TrainDataset/masks/408.png
train,441,wysiwyr_real/data/TrainDataset/image/441.png,wysiwyr_real/data/TrainDataset/masks/441.png
train,74,wysiwyr_real/data/TrainDataset/image/74.png,wysiwyr_real/data/TrainDataset/masks/74.png
train,cju16d65tzw9d0799ouslsw25,wysiwyr_real/data/TrainDataset/image/cju16d65tzw9d0799ouslsw25.png,wysiwyr_real/data/TrainDataset/masks/cju16d65tzw9d0799ouslsw25.png
train,cju1d50a94qf50855wsowacrc,wysiwyr_real/data/TrainDataset/image/cju1d50a94qf50855wsowacrc.png,wysiwyr_real/data/TrainDataset/masks/cju1d50a94qf50855wsowacrc.png
train,146,wysiwyr_real/data/TrainDataset/image/146.png,wysiwyr_real/data/TrainDataset/masks/146.png
train,215,wysiwyr_real/data/TrainDataset/image/215.png,wysiwyr_real/data/TrainDataset/masks/215.png
train,cju1hirfi7ekp0855q0vgm9qq,wysiwyr_real/data/TrainDataset/image/cju1hirfi7ekp0855q0vgm9qq.png,wysiwyr_real/data/TrainDataset/masks/cju1hirfi7ekp0855q0vgm9qq.png
train,112,wysiwyr_real/data/TrainDataset/image/112.png,wysiwyr_real/data/TrainDataset/masks/112.png
train,cju7d6ux323ze0987xos3srkx,wysiwyr_real/data/TrainDataset/image/cju7d6ux323ze0987xos3srkx.png,wysiwyr_real/data/TrainDataset/masks/cju7d6ux323ze0987xos3srkx.png
train,285,wysiwyr_real/data/TrainDataset/image/285.png,wysiwyr_real/data/TrainDataset/masks/285.png
train,cju8c5zcbsdfz0801o5t6jag1,wysiwyr_real/data/TrainDataset/image/cju8c5zcbsdfz0801o5t6jag1.png,wysiwyr_real/data/TrainDataset/masks/cju8c5zcbsdfz0801o5t6jag1.png
train,cju7ff97z2ow40817u2r83my5,wysiwyr_real/data/TrainDataset/image/cju7ff97z2ow40817u2r83my5.png,wysiwyr_real/data/TrainDataset/masks/cju7ff97z2ow40817u2r83my5.png
train,cju45jpvfn6c809873pv1i34s,wysiwyr_real/data/TrainDataset/image/cju45jpvfn6c809873pv1i34s.png,wysiwyr_real/data/TrainDataset/masks/cju45jpvfn6c809873pv1i34s.png
train,cju7dxffn2eam0817qxosfwch,wysiwyr_real/data/TrainDataset/image/cju7dxffn2eam0817qxosfwch.png,wysiwyr_real/data/TrainDataset/masks/cju7dxffn2eam0817qxosfwch.png
train,219,wysiwyr_real/data/TrainDataset/image/219.png,wysiwyr_real/data/TrainDataset/masks/219.png
train,416,wysiwyr_real/data/TrainDataset/image/416.png,wysiwyr_real/data/TrainDataset/masks/416.png
train,cju7agj961l2r0818z29iq8yn,wysiwyr_real/data/TrainDataset/image/cju7agj961l2r0818z29iq8yn.png,wysiwyr_real/data/TrainDataset/masks/cju7agj961l2r0818z29iq8yn.png
train,cju2wtwj87kys0855kx6mddzw,wysiwyr_real/data/TrainDataset/image/cju2wtwj87kys0855kx6mddzw.png,wysiwyr_real/data/TrainDataset/masks/cju2wtwj87kys0855kx6mddzw.png
train,cju0qkwl35piu0993l0dewei2,wysiwyr_real/data/TrainDataset/image/cju0qkwl35piu0993l0dewei2.png,wysiwyr_real/data/TrainDataset/masks/cju0qkwl35piu0993l0dewei2.png
train,ck2bxw18mmz1k0725litqq2mc,wysiwyr_real/data/TrainDataset/image/ck2bxw18mmz1k0725litqq2mc.png,wysiwyr_real/data/TrainDataset/masks/ck2bxw18mmz1k0725litqq2mc.png
train,cju7aez2x1jtj0871ztezs3oi,wysiwyr_real/data/TrainDataset/image/cju7aez2x1jtj0871ztezs3oi.png,wysiwyr_real/data/TrainDataset/masks/cju7aez2x1jtj0871ztezs3oi.png
train,354,wysiwyr_real/data/TrainDataset/image/354.png,wysiwyr_real/data/TrainDataset/masks/354.png
train,cju7fob3x301u0755x985pmmq,wysiwyr_real/data/TrainDataset/image/cju7fob3x301u0755x985pmmq.png,wysiwyr_real/data/TrainDataset/masks/cju7fob3x301u0755x985pmmq.png
train,30,wysiwyr_real/data/TrainDataset/image/30.png,wysiwyr_real/data/TrainDataset/masks/30.png
train,cju1fm3id6gl50801r3fok20c,wysiwyr_real/data/TrainDataset/image/cju1fm3id6gl50801r3fok20c.png,wysiwyr_real/data/TrainDataset/masks/cju1fm3id6gl50801r3fok20c.png
train,531,wysiwyr_real/data/TrainDataset/image/531.png,wysiwyr_real/data/TrainDataset/masks/531.png
train,264,wysiwyr_real/data/TrainDataset/image/264.png,wysiwyr_real/data/TrainDataset/masks/264.png
train,428,wysiwyr_real/data/TrainDataset/image/428.png,wysiwyr_real/data/TrainDataset/masks/428.png
train,cju2t2ivz43i10878zeg8r1br,wysiwyr_real/data/TrainDataset/image/cju2t2ivz43i10878zeg8r1br.png,wysiwyr_real/data/TrainDataset/masks/cju2t2ivz43i10878zeg8r1br.png
train,217,wysiwyr_real/data/TrainDataset/image/217.png,wysiwyr_real/data/TrainDataset/masks/217.png
train,cju171py4qiha0835u8sl59ds,wysiwyr_real/data/TrainDataset/image/cju171py4qiha0835u8sl59ds.png,wysiwyr_real/data/TrainDataset/masks/cju171py4qiha0835u8sl59ds.png
train,237,wysiwyr_real/data/TrainDataset/image/237.png,wysiwyr_real/data/TrainDataset/masks/237.png
train,417,wysiwyr_real/data/TrainDataset/image/417.png,wysiwyr_real/data/TrainDataset/masks/417.png
train,543,wysiwyr_real/data/TrainDataset/image/543.png,wysiwyr_real/data/TrainDataset/masks/543.png
train,cju2ti1du4idn0878giuozonw,wysiwyr_real/data/TrainDataset/image/cju2ti1du4idn0878giuozonw.png,wysiwyr_real/data/TrainDataset/masks/cju2ti1du4idn0878giuozonw.png
train,24,wysiwyr_real/data/TrainDataset/image/24.png,wysiwyr_real/data/TrainDataset/masks/24.png
train,cju6vgdmivcvb08018fra5lnv,wysiwyr_real/data/TrainDataset/image/cju6vgdmivcvb08018fra5lnv.png,wysiwyr_real/data/TrainDataset/masks/cju6vgdmivcvb08018fra5lnv.png
train,cju5von04litr08718j8po40a,wysiwyr_real/data/TrainDataset/image/cju5von04litr08718j8po40a.png,wysiwyr_real/data/TrainDataset/masks/cju5von04litr08718j8po40a.png
train,cju3uz4o6gr9z0850lhxyxvsj,wysiwyr_real/data/TrainDataset/image/cju3uz4o6gr9z0850lhxyxvsj.png,wysiwyr_real/data/TrainDataset/masks/cju3uz4o6gr9z0850lhxyxvsj.png
train,221,wysiwyr_real/data/TrainDataset/image/221.png,wysiwyr_real/data/TrainDataset/masks/221.png
train,cju5fi0yxd3ei0801v7u0yudn,wysiwyr_real/data/TrainDataset/image/cju5fi0yxd3ei0801v7u0yudn.png,wysiwyr_real/data/TrainDataset/masks/cju5fi0yxd3ei0801v7u0yudn.png
train,cju7ey10f2rvf0871bwbi9x82,wysiwyr_real/data/TrainDataset/image/cju7ey10f2rvf0871bwbi9x82.png,wysiwyr_real/data/TrainDataset/masks/cju7ey10f2rvf0871bwbi9x82.png
train,cju857ad0l88m0817qx4cwxnf,wysiwyr_real/data/TrainDataset/image/cju857ad0l88m0817qx4cwxnf.png,wysiwyr_real/data/TrainDataset/masks/cju857ad0l88m0817qx4cwxnf.png
train,20,wysiwyr_real/data/TrainDataset/image/20.png,wysiwyr_real/data/TrainDataset/masks/20.png
train,373,wysiwyr_real/data/TrainDataset/image/373.png,wysiwyr_real/data/TrainDataset/masks/373.png
train,cju32qr9tbvsj08013pkpjenq,wysiwyr_real/data/TrainDataset/image/cju32qr9tbvsj08013pkpjenq.png,wysiwyr_real/data/TrainDataset/masks/cju32qr9tbvsj08013pkpjenq.png
train,cju5y7buemcw80987p0r30g9f,wysiwyr_real/data/TrainDataset/image/cju5y7buemcw80987p0r30g9f.png,wysiwyr_real/data/TrainDataset/masks/cju5y7buemcw80987p0r30g9f.png
train,485,wysiwyr_real/data/TrainDataset/image/485.png,wysiwyr_real/data/TrainDataset/masks/485.png
train,244,wysiwyr_real/data/TrainDataset/image/244.png,wysiwyr_real/data/TrainDataset/masks/244.png
train,cju7d5m0p23kn09871rk7pu3v,wysiwyr_real/data/TrainDataset/image/cju7d5m0p23kn09871rk7pu3v.png,wysiwyr_real/data/TrainDataset/masks/cju7d5m0p23kn09871rk7pu3v.png
train,249,wysiwyr_real/data/TrainDataset/image/249.png,wysiwyr_real/data/TrainDataset/masks/249.png
train,cju8a84g0q76m0818hwiggkod,wysiwyr_real/data/TrainDataset/image/cju8a84g0q76m0818hwiggkod.png,wysiwyr_real/data/TrainDataset/masks/cju8a84g0q76m0818hwiggkod.png
train,144,wysiwyr_real/data/TrainDataset/image/144.png,wysiwyr_real/data/TrainDataset/masks/144.png
train,cju2zm0axztpe0988r8s9twjr,wysiwyr_real/data/TrainDataset/image/cju2zm0axztpe0988r8s9twjr.png,wysiwyr_real/data/TrainDataset/masks/cju2zm0axztpe0988r8s9twjr.png
train,cju83ipu3jwpx0801z5pvguf8,wysiwyr_real/data/TrainDataset/image/cju83ipu3jwpx0801z5pvguf8.png,wysiwyr_real/data/TrainDataset/masks/cju83ipu3jwpx0801z5pvguf8.png
train,cju40poe4kt9s0755f9cnm3h5,wysiwyr_real/data/TrainDataset/image/cju40poe4kt9s0755f9cnm3h5.png,wysiwyr_real/data/TrainDataset/masks/cju40poe4kt9s0755f9cnm3h5.png
train,cju83wwn1k55e0850kw6i2d81,wysiwyr_real/data/TrainDataset/image/cju83wwn1k55e0850kw6i2d81.png,wysiwyr_real/data/TrainDataset/masks/cju83wwn1k55e0850kw6i2d81.png
train,cju7bf1lp1shi081835vs84lc,wysiwyr_real/data/TrainDataset/image/cju7bf1lp1shi081835vs84lc.png,wysiwyr_real/data/TrainDataset/masks/cju7bf1lp1shi081835vs84lc.png
train,cju43b8daly4408170e5ev06g,wysiwyr_real/data/TrainDataset/image/cju43b8daly4408170e5ev06g.png,wysiwyr_real/data/TrainDataset/masks/cju43b8daly4408170e5ev06g.png
train,cju87kbcen2av0987usezo8kn,wysiwyr_real/data/TrainDataset/image/cju87kbcen2av0987usezo8kn.png,wysiwyr_real/data/TrainDataset/masks/cju87kbcen2av0987usezo8kn.png
train,85,wysiwyr_real/data/TrainDataset/image/85.png,wysiwyr_real/data/TrainDataset/masks/85.png
train,cju2qozsk20cq0855ugrg3cri,wysiwyr_real/data/TrainDataset/image/cju2qozsk20cq0855ugrg3cri.png,wysiwyr_real/data/TrainDataset/masks/cju2qozsk20cq0855ugrg3cri.png
train,cju34ymm8d6700799uop0cw33,wysiwyr_real/data/TrainDataset/image/cju34ymm8d6700799uop0cw33.png,wysiwyr_real/data/TrainDataset/masks/cju34ymm8d6700799uop0cw33.png
train,cju8c82iosagu0817l74s4m5g,wysiwyr_real/data/TrainDataset/image/cju8c82iosagu0817l74s4m5g.png,wysiwyr_real/data/TrainDataset/masks/cju8c82iosagu0817l74s4m5g.png
train,cju7cufm7298k0755j09uf3of,wysiwyr_real/data/TrainDataset/image/cju7cufm7298k0755j09uf3of.png,wysiwyr_real/data/TrainDataset/masks/cju7cufm7298k0755j09uf3of.png
train,45,wysiwyr_real/data/TrainDataset/image/45.png,wysiwyr_real/data/TrainDataset/masks/45.png
train,cju41lojblbs307555jdci937,wysiwyr_real/data/TrainDataset/image/cju41lojblbs307555jdci937.png,wysiwyr_real/data/TrainDataset/masks/cju41lojblbs307555jdci937.png
train,cju6v3bb2v7xo085090blubyw,wysiwyr_real/data/TrainDataset/image/cju6v3bb2v7xo085090blubyw.png,wysiwyr_real/data/TrainDataset/masks/cju6v3bb2v7xo085090blubyw.png
train,cju7eueum2oqn0850rodmx8zo,wysiwyr_real/data/TrainDataset/image/cju7eueum2oqn0850rodmx8zo.png,wysiwyr_real/data/TrainDataset/masks/cju7eueum2oqn0850rodmx8zo.png
train,cju3x7xsaijq80818f0psavav,wysiwyr_real/data/TrainDataset/image/cju3x7xsaijq80818f0psavav.png,wysiwyr_real/data/TrainDataset/masks/cju3x7xsaijq80818f0psavav.png
train,cju5fs6j6d8350801vglraq4u,wysiwyr_real/data/TrainDataset/image/cju5fs6j6d8350801vglraq4u.png,wysiwyr_real/data/TrainDataset/masks/cju5fs6j6d8350801vglraq4u.png
train,cju1g20bdwq6u0835e16xugcd,wysiwyr_real/data/TrainDataset/image/cju1g20bdwq6u0835e16xugcd.png,wysiwyr_real/data/TrainDataset/masks/cju1g20bdwq6u0835e16xugcd.png
train,cju5ufn3skquf0818dhapnhba,wysiwyr_real/data/TrainDataset/image/cju5ufn3skquf0818dhapnhba.png,wysiwyr_real/data/TrainDataset/masks/cju5ufn3skquf0818dhapnhba.png
train,cju8clorgsuwn08714toqb7v6,wysiwyr_real/data/TrainDataset/image/cju8clorgsuwn08714toqb7v6.png,wysiwyr_real/data/TrainDataset/masks/cju8clorgsuwn08714toqb7v6.png
train,351,wysiwyr_real/data/TrainDataset/image/351.png,wysiwyr_real/data/TrainDataset/masks/351.png
train,153,wysiwyr_real/data/TrainDataset/image/153.png,wysiwyr_real/data/TrainDataset/masks/153.png
train,59,wysiwyr_real/data/TrainDataset/image/59.png,wysiwyr_real/data/TrainDataset/masks/59.png
train,cju89y9h0puti0818i5yw29e6,wysiwyr_real/data/TrainDataset/image/cju89y9h0puti0818i5yw29e6.png,wysiwyr_real/data/TrainDataset/masks/cju89y9h0puti0818i5yw29e6.png
train,cju7dwe282dc309876rco45ts,wysiwyr_real/data/TrainDataset/image/cju7dwe282dc309876rco45ts.png,wysiwyr_real/data/TrainDataset/masks/cju7dwe282dc309876rco45ts.png
train,339,wysiwyr_real/data/TrainDataset/image/339.png,wysiwyr_real/data/TrainDataset/masks/339.png
train,cju7deifq2fzn0755lc8idyh8,wysiwyr_real/data/TrainDataset/image/cju7deifq2fzn0755lc8idyh8.png,wysiwyr_real/data/TrainDataset/masks/cju7deifq2fzn0755lc8idyh8.png
train,cju5x28nzm7t907558ocq4bt7,wysiwyr_real/data/TrainDataset/image/cju5x28nzm7t907558ocq4bt7.png,wysiwyr_real/data/TrainDataset/masks/cju5x28nzm7t907558ocq4bt7.png
train,433,wysiwyr_real/data/TrainDataset/image/433.png,wysiwyr_real/data/TrainDataset/masks/433.png
train,cju7b10ce1mnm08011c5bwyr4,wysiwyr_real/data/TrainDataset/image/cju7b10ce1mnm08011c5bwyr4.png,wysiwyr_real/data/TrainDataset/masks/cju7b10ce1mnm08011c5bwyr4.png
train,cju7aklv31h4309871m29l4e7,wysiwyr_real/data/TrainDataset/image/cju7aklv31h4309871m29l4e7.png,wysiwyr_real/data/TrainDataset/masks/cju7aklv31h4309871m29l4e7.png
train,142,wysiwyr_real/data/TrainDataset/image/142.png,wysiwyr_real/data/TrainDataset/masks/142.png
train,ck2bxlujamu330725szlc2jdu,wysiwyr_real/data/TrainDataset/image/ck2bxlujamu330725szlc2jdu.png,wysiwyr_real/data/TrainDataset/masks/ck2bxlujamu330725szlc2jdu.png
train,cju1aqqv02qwz0878a5cyhr67,wysiwyr_real/data/TrainDataset/image/cju1aqqv02qwz0878a5cyhr67.png,wysiwyr_real/data/TrainDataset/masks/cju1aqqv02qwz0878a5cyhr67.png
train,cju843yjskhq30818qre4rwm2,wysiwyr_real/data/TrainDataset/image/cju843yjskhq30818qre4rwm2.png,wysiwyr_real/data/TrainDataset/masks/cju843yjskhq30818qre4rwm2.png
train,cju8bop5jrsid08716i24fqda,wysiwyr_real/data/TrainDataset/image/cju8bop5jrsid08716i24fqda.png,wysiwyr_real/data/TrainDataset/masks/cju8bop5jrsid08716i24fqda.png
train,cju7evxt12m730987rxivne3x,wysiwyr_real/data/TrainDataset/image/cju7evxt12m730987rxivne3x.png,wysiwyr_real/data/TrainDataset/masks/cju7evxt12m730987rxivne3x.png
train,cju2zr3c3vwb00993jn06bbaz,wysiwyr_real/data/TrainDataset/image/cju2zr3c3vwb00993jn06bbaz.png,wysiwyr_real/data/TrainDataset/masks/cju2zr3c3vwb00993jn06bbaz.png
train,cju5buy2bal250818ipl6fqwv,wysiwyr_real/data/TrainDataset/image/cju5buy2bal250818ipl6fqwv.png,wysiwyr_real/data/TrainDataset/masks/cju5buy2bal250818ipl6fqwv.png
train,cju17g6ykn1cs0993dww6qdi8,wysiwyr_real/data/TrainDataset/image/cju17g6ykn1cs0993dww6qdi8.png,wysiwyr_real/data/TrainDataset/masks/cju17g6ykn1cs0993dww6qdi8.png
train,cju87q6yoneim0871dl4phvkd,wysiwyr_real/data/TrainDataset/image/cju87q6yoneim0871dl4phvkd.png,wysiwyr_real/data/TrainDataset/masks/cju87q6yoneim0871dl4phvkd.png
train,cju1fjsb4sipq09931lvd8e41,wysiwyr_real/data/TrainDataset/image/cju1fjsb4sipq09931lvd8e41.png,wysiwyr_real/data/TrainDataset/masks/cju1fjsb4sipq09931lvd8e41.png
train,224,wysiwyr_real/data/TrainDataset/image/224.png,wysiwyr_real/data/TrainDataset/masks/224.png
train,cju41z76wlgbz0801qdetlvby,wysiwyr_real/data/TrainDataset/image/cju41z76wlgbz0801qdetlvby.png,wysiwyr_real/data/TrainDataset/masks/cju41z76wlgbz0801qdetlvby.png
train,131,wysiwyr_real/data/TrainDataset/image/131.png,wysiwyr_real/data/TrainDataset/masks/131.png
train,612,wysiwyr_real/data/TrainDataset/image/612.png,wysiwyr_real/data/TrainDataset/masks/612.png
train,cju85omszllp30850b6rm9mi3,wysiwyr_real/data/TrainDataset/image/cju85omszllp30850b6rm9mi3.png,wysiwyr_real/data/TrainDataset/masks/cju85omszllp30850b6rm9mi3.png
train,423,wysiwyr_real/data/TrainDataset/image/423.png,wysiwyr_real/data/TrainDataset/masks/423.png
train,cju426tomlhll0818fc0i7nvh,wysiwyr_real/data/TrainDataset/image/cju426tomlhll0818fc0i7nvh.png,wysiwyr_real/data/TrainDataset/masks/cju426tomlhll0818fc0i7nvh.png
train,cju2igw4gvxds0878808qj398,wysiwyr_real/data/TrainDataset/image/cju2igw4gvxds0878808qj398.png,wysiwyr_real/data/TrainDataset/masks/cju2igw4gvxds0878808qj398.png
train,478,wysiwyr_real/data/TrainDataset/image/478.png,wysiwyr_real/data/TrainDataset/masks/478.png
train,cju8bi8q7rlmn0871abc5ch8k,wysiwyr_real/data/TrainDataset/image/cju8bi8q7rlmn0871abc5ch8k.png,wysiwyr_real/data/TrainDataset/masks/cju8bi8q7rlmn0871abc5ch8k.png
train,cju2r6mt2om21099352pny5gw,wysiwyr_real/data/TrainDataset/image/cju2r6mt2om21099352pny5gw.png,wysiwyr_real/data/TrainDataset/masks/cju2r6mt2om21099352pny5gw.png
train,344,wysiwyr_real/data/TrainDataset/image/344.png,wysiwyr_real/data/TrainDataset/masks/344.png
train,116,wysiwyr_real/data/TrainDataset/image/116.png,wysiwyr_real/data/TrainDataset/masks/116.png
train,538,wysiwyr_real/data/TrainDataset/image/538.png,wysiwyr_real/data/TrainDataset/masks/538.png
train,cju1fb9236a110801yvg0fwju,wysiwyr_real/data/TrainDataset/image/cju1fb9236a110801yvg0fwju.png,wysiwyr_real/data/TrainDataset/masks/cju1fb9236a110801yvg0fwju.png
train,cju30mm25a53s0799qa5wiqe8,wysiwyr_real/data/TrainDataset/image/cju30mm25a53s0799qa5wiqe8.png,wysiwyr_real/data/TrainDataset/masks/cju30mm25a53s0799qa5wiqe8.png
train,399,wysiwyr_real/data/TrainDataset/image/399.png,wysiwyr_real/data/TrainDataset/masks/399.png
train,cjz14qsk2wci60794un9ozwmw,wysiwyr_real/data/TrainDataset/image/cjz14qsk2wci60794un9ozwmw.png,wysiwyr_real/data/TrainDataset/masks/cjz14qsk2wci60794un9ozwmw.png
train,111,wysiwyr_real/data/TrainDataset/image/111.png,wysiwyr_real/data/TrainDataset/masks/111.png
train,296,wysiwyr_real/data/TrainDataset/image/296.png,wysiwyr_real/data/TrainDataset/masks/296.png
train,cju1alwgo30z60855fm3y23sm,wysiwyr_real/data/TrainDataset/image/cju1alwgo30z60855fm3y23sm.png,wysiwyr_real/data/TrainDataset/masks/cju1alwgo30z60855fm3y23sm.png
train,cju310f6val1v0855xo8tc3gu,wysiwyr_real/data/TrainDataset/image/cju310f6val1v0855xo8tc3gu.png,wysiwyr_real/data/TrainDataset/masks/cju310f6val1v0855xo8tc3gu.png
train,cju35mdz73x890835eynq1h9v,wysiwyr_real/data/TrainDataset/image/cju35mdz73x890835eynq1h9v.png,wysiwyr_real/data/TrainDataset/masks/cju35mdz73x890835eynq1h9v.png
train,449,wysiwyr_real/data/TrainDataset/image/449.png,wysiwyr_real/data/TrainDataset/masks/449.png
train,cju3518w2d838079939fqztbc,wysiwyr_real/data/TrainDataset/image/cju3518w2d838079939fqztbc.png,wysiwyr_real/data/TrainDataset/masks/cju3518w2d838079939fqztbc.png
train,109,wysiwyr_real/data/TrainDataset/image/109.png,wysiwyr_real/data/TrainDataset/masks/109.png
train,cju6vqarjv7yo0987q4b1btk1,wysiwyr_real/data/TrainDataset/image/cju6vqarjv7yo0987q4b1btk1.png,wysiwyr_real/data/TrainDataset/masks/cju6vqarjv7yo0987q4b1btk1.png
train,cju2pmhtr17a00855cvpelzb0,wysiwyr_real/data/TrainDataset/image/cju2pmhtr17a00855cvpelzb0.png,wysiwyr_real/data/TrainDataset/masks/cju2pmhtr17a00855cvpelzb0.png
train,276,wysiwyr_real/data/TrainDataset/image/276.png,wysiwyr_real/data/TrainDataset/masks/276.png
train,cju7d8m3b2e210755l8fj1yph,wysiwyr_real/data/TrainDataset/image/cju7d8m3b2e210755l8fj1yph.png,wysiwyr_real/data/TrainDataset/masks/cju7d8m3b2e210755l8fj1yph.png
train,cju5fb86jd1jp0755b1ukbhq5,wysiwyr_real/data/TrainDataset/image/cju5fb86jd1jp0755b1ukbhq5.png,wysiwyr_real/data/TrainDataset/masks/cju5fb86jd1jp0755b1ukbhq5.png
train,cju7b3f5h1sm40755i572jden,wysiwyr_real/data/TrainDataset/image/cju7b3f5h1sm40755i572jden.png,wysiwyr_real/data/TrainDataset/masks/cju7b3f5h1sm40755i572jden.png
train,cju83rcnzkbsj0755x5anfrcg,wysiwyr_real/data/TrainDataset/image/cju83rcnzkbsj0755x5anfrcg.png,wysiwyr_real/data/TrainDataset/masks/cju83rcnzkbsj0755x5anfrcg.png
train,cju2ij9uiic2l09933ljiv6gm,wysiwyr_real/data/TrainDataset/image/cju2ij9uiic2l09933ljiv6gm.png,wysiwyr_real/data/TrainDataset/masks/cju2ij9uiic2l09933ljiv6gm.png
train,cju32l161bi1v07990vm376in,wysiwyr_real/data/TrainDataset/image/cju32l161bi1v07990vm376in.png,wysiwyr_real/data/TrainDataset/masks/cju32l161bi1v07990vm376in.png
train,cju30ywtc0oar0835bp2en7ec,wysiwyr_real/data/TrainDataset/image/cju30ywtc0oar0835bp2en7ec.png,wysiwyr_real/data/TrainDataset/masks/cju30ywtc0oar0835bp2en7ec.png
train,cju45pm27n80u08174kyow1gj,wysiwyr_real/data/TrainDataset/image/cju45pm27n80u08174kyow1gj.png,wysiwyr_real/data/TrainDataset/masks/cju45pm27n80u08174kyow1gj.png
train,cju7fnfv02tt90801djnix9m8,wysiwyr_real/data/TrainDataset/image/cju7fnfv02tt90801djnix9m8.png,wysiwyr_real/data/TrainDataset/masks/cju7fnfv02tt90801djnix9m8.png
train,537,wysiwyr_real/data/TrainDataset/image/537.png,wysiwyr_real/data/TrainDataset/masks/537.png
train,84,wysiwyr_real/data/TrainDataset/image/84.png,wysiwyr_real/data/TrainDataset/masks/84.png
train,cju1cdxvz48hw0801i0fjwcnk,wysiwyr_real/data/TrainDataset/image/cju1cdxvz48hw0801i0fjwcnk.png,wysiwyr_real/data/TrainDataset/masks/cju1cdxvz48hw0801i0fjwcnk.png
train,cju6ur9l9v9jq0755paud9uka,wysiwyr_real/data/TrainDataset/image/cju6ur9l9v9jq0755paud9uka.png,wysiwyr_real/data/TrainDataset/masks/cju6ur9l9v9jq0755paud9uka.png
train,210,wysiwyr_real/data/TrainDataset/image/210.png,wysiwyr_real/data/TrainDataset/masks/210.png
train,303,wysiwyr_real/data/TrainDataset/image/303.png,wysiwyr_real/data/TrainDataset/masks/303.png
train,cju85c2d4ln1b0755zz1z3onx,wysiwyr_real/data/TrainDataset/image/cju85c2d4ln1b0755zz1z3onx.png,wysiwyr_real/data/TrainDataset/masks/cju85c2d4ln1b0755zz1z3onx.png
train,cju2yw4s7z7p20988lmf2gdgd,wysiwyr_real/data/TrainDataset/image/cju2yw4s7z7p20988lmf2gdgd.png,wysiwyr_real/data/TrainDataset/masks/cju2yw4s7z7p20988lmf2gdgd.png
train,cju43in5fm22c08175rxziqrk,wysiwyr_real/data/TrainDataset/image/cju43in5fm22c08175rxziqrk.png,wysiwyr_real/data/TrainDataset/masks/cju43in5fm22c08175rxziqrk.png
train,cju8bysfgrzkl081786jwac09,wysiwyr_real/data/TrainDataset/image/cju8bysfgrzkl081786jwac09.png,wysiwyr_real/data/TrainDataset/masks/cju8bysfgrzkl081786jwac09.png
train,cju34i3qvcyog0855qiejxx5w,wysiwyr_real/data/TrainDataset/image/cju34i3qvcyog0855qiejxx5w.png,wysiwyr_real/data/TrainDataset/masks/cju34i3qvcyog0855qiejxx5w.png
train,355,wysiwyr_real/data/TrainDataset/image/355.png,wysiwyr_real/data/TrainDataset/masks/355.png
train,cju8arof2qpf20850ifr1bnqj,wysiwyr_real/data/TrainDataset/image/cju8arof2qpf20850ifr1bnqj.png,wysiwyr_real/data/TrainDataset/masks/cju8arof2qpf20850ifr1bnqj.png
train,cju87zv8lni0o0850hbbecbq6,wysiwyr_real/data/TrainDataset/image/cju87zv8lni0o0850hbbecbq6.png,wysiwyr_real/data/TrainDataset/masks/cju87zv8lni0o0850hbbecbq6.png
train,cju2zdvjn9h7r08553cp4eed5,wysiwyr_real/data/TrainDataset/image/cju2zdvjn9h7r08553cp4eed5.png,wysiwyr_real/data/TrainDataset/masks/cju2zdvjn9h7r08553cp4eed5.png
train,cju3xeexgii1j0817zs68tb4g,wysiwyr_real/data/TrainDataset/image/cju3xeexgii1j0817zs68tb4g.png,wysiwyr_real/data/TrainDataset/masks/cju3xeexgii1j0817zs68tb4g.png
train,cju5vgawslbe30987ndeepc1b,wysiwyr_real/data/TrainDataset/image/cju5vgawslbe30987ndeepc1b.png,wysiwyr_real/data/TrainDataset/masks/cju5vgawslbe30987ndeepc1b.png
train,cju6wt9jvvn500871hjn3t3g0,wysiwyr_real/data/TrainDataset/image/cju6wt9jvvn500871hjn3t3g0.png,wysiwyr_real/data/TrainDataset/masks/cju6wt9jvvn500871hjn3t3g0.png
train,365,wysiwyr_real/data/TrainDataset/image/365.png,wysiwyr_real/data/TrainDataset/masks/365.png
train,cju774fmayxif0818u2g79usw,wysiwyr_real/data/TrainDataset/image/cju774fmayxif0818u2g79usw.png,wysiwyr_real/data/TrainDataset/masks/cju774fmayxif0818u2g79usw.png
train,cju8ceacrsqkr0755hdz145es,wysiwyr_real/data/TrainDataset/image/cju8ceacrsqkr0755hdz145es.png,wysiwyr_real/data/TrainDataset/masks/cju8ceacrsqkr0755hdz145es.png
train,cju7dsrtb2f8i085064kwugfk,wysiwyr_real/data/TrainDataset/image/cju7dsrtb2f8i085064kwugfk.png,wysiwyr_real/data/TrainDataset/masks/cju7dsrtb2f8i085064kwugfk.png
train,cju85dx63lic408017f0l0400,wysiwyr_real/data/TrainDataset/image/cju85dx63lic408017f0l0400.png,wysiwyr_real/data/TrainDataset/masks/cju85dx63lic408017f0l0400.png
train,135,wysiwyr_real/data/TrainDataset/image/135.png,wysiwyr_real/data/TrainDataset/masks/135.png
train,125,wysiwyr_real/data/TrainDataset/image/125.png,wysiwyr_real/data/TrainDataset/masks/125.png
train,557,wysiwyr_real/data/TrainDataset/image/557.png,wysiwyr_real/data/TrainDataset/masks/557.png
train,cju7d1tvt25bu08019dvw3uff,wysiwyr_real/data/TrainDataset/image/cju7d1tvt25bu08019dvw3uff.png,wysiwyr_real/data/TrainDataset/masks/cju7d1tvt25bu08019dvw3uff.png
train,186,wysiwyr_real/data/TrainDataset/image/186.png,wysiwyr_real/data/TrainDataset/masks/186.png
train,cju5es375cnzy0801nkq35ffs,wysiwyr_real/data/TrainDataset/image/cju5es375cnzy0801nkq35ffs.png,wysiwyr_real/data/TrainDataset/masks/cju5es375cnzy0801nkq35ffs.png
train,ck2bxiswtxuw80838qkisqjwz,wysiwyr_real/data/TrainDataset/image/ck2bxiswtxuw80838qkisqjwz.png,wysiwyr_real/data/TrainDataset/masks/ck2bxiswtxuw80838qkisqjwz.png
train,140,wysiwyr_real/data/TrainDataset/image/140.png,wysiwyr_real/data/TrainDataset/masks/140.png
train,313,wysiwyr_real/data/TrainDataset/image/313.png,wysiwyr_real/data/TrainDataset/masks/313.png
train,cju3xl264ingx0850rcf0rshj,wysiwyr_real/data/TrainDataset/image/cju3xl264ingx0850rcf0rshj.png,wysiwyr_real/data/TrainDataset/masks/cju3xl264ingx0850rcf0rshj.png
train,556,wysiwyr_real/data/TrainDataset/image/556.png,wysiwyr_real/data/TrainDataset/masks/556.png
train,498,wysiwyr_real/data/TrainDataset/image/498.png,wysiwyr_real/data/TrainDataset/masks/498.png
train,cju5fw37edaae0801vkwvocn7,wysiwyr_real/data/TrainDataset/image/cju5fw37edaae0801vkwvocn7.png,wysiwyr_real/data/TrainDataset/masks/cju5fw37edaae0801vkwvocn7.png
train,139,wysiwyr_real/data/TrainDataset/image/139.png,wysiwyr_real/data/TrainDataset/masks/139.png
train,cju2sevf53lkx08558h5bpaig,wysiwyr_real/data/TrainDataset/image/cju2sevf53lkx08558h5bpaig.png,wysiwyr_real/data/TrainDataset/masks/cju2sevf53lkx08558h5bpaig.png
train,cju1erep75us208553i4ofwwe,wysiwyr_real/data/TrainDataset/image/cju1erep75us208553i4ofwwe.png,wysiwyr_real/data/TrainDataset/masks/cju1erep75us208553i4ofwwe.png
train,107,wysiwyr_real/data/TrainDataset/image/107.png,wysiwyr_real/data/TrainDataset/masks/107.png
train,cju5tgbzhjllu08174ca41eus,wysiwyr_real/data/TrainDataset/image/cju5tgbzhjllu08174ca41eus.png,wysiwyr_real/data/TrainDataset/masks/cju5tgbzhjllu08174ca41eus.png
train,cju6v4szov55u0871qmqz3v8n,wysiwyr_real/data/TrainDataset/image/cju6v4szov55u0871qmqz3v8n.png,wysiwyr_real/data/TrainDataset/masks/cju6v4szov55u0871qmqz3v8n.png
train,271,wysiwyr_real/data/TrainDataset/image/271.png,wysiwyr_real/data/TrainDataset/masks/271.png
train,386,wysiwyr_real/data/TrainDataset/image/386.png,wysiwyr_real/data/TrainDataset/masks/386.png
train,cju890guyoiti098753yg6cdu,wysiwyr_real/data/TrainDataset/image/cju890guyoiti098753yg6cdu.png,wysiwyr_real/data/TrainDataset/masks/cju890guyoiti098753yg6cdu.png
train,cju1b75x63ddl0799sdp0i2j3,wysiwyr_real/data/TrainDataset/image/cju1b75x63ddl0799sdp0i2j3.png,wysiwyr_real/data/TrainDataset/masks/cju1b75x63ddl0799sdp0i2j3.png
train,cju7ea4om2l910801bohqjccy,wysiwyr_real/data/TrainDataset/image/cju7ea4om2l910801bohqjccy.png,wysiwyr_real/data/TrainDataset/masks/cju7ea4om2l910801bohqjccy.png
train,227,wysiwyr_real/data/TrainDataset/image/227.png,wysiwyr_real/data/TrainDataset/masks/227.png
train,cju2p0eveqtdc0835gpi3p93i,wysiwyr_real/data/TrainDataset/image/cju2p0eveqtdc0835gpi3p93i.png,wysiwyr_real/data/TrainDataset/masks/cju2p0eveqtdc0835gpi3p93i.png
train,cju32upim1z7u0988l883nqp6,wysiwyr_real/data/TrainDataset/image/cju32upim1z7u0988l883nqp6.png,wysiwyr_real/data/TrainDataset/masks/cju32upim1z7u0988l883nqp6.png
train,137,wysiwyr_real/data/TrainDataset/image/137.png,wysiwyr_real/data/TrainDataset/masks/137.png
train,cju8cattbsivm0818p446wgel,wysiwyr_real/data/TrainDataset/image/cju8cattbsivm0818p446wgel.png,wysiwyr_real/data/TrainDataset/masks/cju8cattbsivm0818p446wgel.png
train,cju7es23b2vcp0755gpbm9s7v,wysiwyr_real/data/TrainDataset/image/cju7es23b2vcp0755gpbm9s7v.png,wysiwyr_real/data/TrainDataset/masks/cju7es23b2vcp0755gpbm9s7v.png
train,599,wysiwyr_real/data/TrainDataset/image/599.png,wysiwyr_real/data/TrainDataset/masks/599.png
train,147,wysiwyr_real/data/TrainDataset/image/147.png,wysiwyr_real/data/TrainDataset/masks/147.png
train,cju2z1nxlzaj40835wj81s1iy,wysiwyr_real/data/TrainDataset/image/cju2z1nxlzaj40835wj81s1iy.png,wysiwyr_real/data/TrainDataset/masks/cju2z1nxlzaj40835wj81s1iy.png
train,cju8b5p40r2c60987ofa0mu03,wysiwyr_real/data/TrainDataset/image/cju8b5p40r2c60987ofa0mu03.png,wysiwyr_real/data/TrainDataset/masks/cju8b5p40r2c60987ofa0mu03.png
train,cju5vzjoslpj708186z2fusmz,wysiwyr_real/data/TrainDataset/image/cju5vzjoslpj708186z2fusmz.png,wysiwyr_real/data/TrainDataset/masks/cju5vzjoslpj708186z2fusmz.png
train,403,wysiwyr_real/data/TrainDataset/image/403.png,wysiwyr_real/data/TrainDataset/masks/403.png
train,cju1c6yfz42md08550zgoz3pw,wysiwyr_real/data/TrainDataset/image/cju1c6yfz42md08550zgoz3pw.png,wysiwyr_real/data/TrainDataset/masks/cju1c6yfz42md08550zgoz3pw.png
train,255,wysiwyr_real/data/TrainDataset/image/255.png,wysiwyr_real/data/TrainDataset/masks/255.png
train,cju858eswlepn0871pzvdrhj1,wysiwyr_real/data/TrainDataset/image/cju858eswlepn0871pzvdrhj1.png,wysiwyr_real/data/TrainDataset/masks/cju858eswlepn0871pzvdrhj1.png
train,cju2uy8ox62jo0801g88hh42z,wysiwyr_real/data/TrainDataset/image/cju2uy8ox62jo0801g88hh42z.png,wysiwyr_real/data/TrainDataset/masks/cju2uy8ox62jo0801g88hh42z.png
train,16,wysiwyr_real/data/TrainDataset/image/16.png,wysiwyr_real/data/TrainDataset/masks/16.png
train,cju76o55nymqd0871h31sph9w,wysiwyr_real/data/TrainDataset/image/cju76o55nymqd0871h31sph9w.png,wysiwyr_real/data/TrainDataset/masks/cju76o55nymqd0871h31sph9w.png
train,cju7fen322ou10817ziqkob4k,wysiwyr_real/data/TrainDataset/image/cju7fen322ou10817ziqkob4k.png,wysiwyr_real/data/TrainDataset/masks/cju7fen322ou10817ziqkob4k.png
train,437,wysiwyr_real/data/TrainDataset/image/437.png,wysiwyr_real/data/TrainDataset/masks/437.png
train,406,wysiwyr_real/data/TrainDataset/image/406.png,wysiwyr_real/data/TrainDataset/masks/406.png
train,508,wysiwyr_real/data/TrainDataset/image/508.png,wysiwyr_real/data/TrainDataset/masks/508.png
train,cju2oq5570avm079959o20op1,wysiwyr_real/data/TrainDataset/image/cju2oq5570avm079959o20op1.png,wysiwyr_real/data/TrainDataset/masks/cju2oq5570avm079959o20op1.png
train,cju5cu8qkb84x08186jwo8yin,wysiwyr_real/data/TrainDataset/image/cju5cu8qkb84x08186jwo8yin.png,wysiwyr_real/data/TrainDataset/masks/cju5cu8qkb84x08186jwo8yin.png
train,cju1b3zgj3d8e0801kpolea6c,wysiwyr_real/data/TrainDataset/image/cju1b3zgj3d8e0801kpolea6c.png,wysiwyr_real/data/TrainDataset/masks/cju1b3zgj3d8e0801kpolea6c.png
train,cju8c1a0ws7o208181c6lbsom,wysiwyr_real/data/TrainDataset/image/cju8c1a0ws7o208181c6lbsom.png,wysiwyr_real/data/TrainDataset/masks/cju8c1a0ws7o208181c6lbsom.png
train,310,wysiwyr_real/data/TrainDataset/image/310.png,wysiwyr_real/data/TrainDataset/masks/310.png
train,445,wysiwyr_real/data/TrainDataset/image/445.png,wysiwyr_real/data/TrainDataset/masks/445.png
train,cju2z45kuzf6d0988nz2c819m,wysiwyr_real/data/TrainDataset/image/cju2z45kuzf6d0988nz2c819m.png,wysiwyr_real/data/TrainDataset/masks/cju2z45kuzf6d0988nz2c819m.png
train,cju2yyhsp933j0855hp32e012,wysiwyr_real/data/TrainDataset/image/cju2yyhsp933j0855hp32e012.png,wysiwyr_real/data/TrainDataset/masks/cju2yyhsp933j0855hp32e012.png
train,177,wysiwyr_real/data/TrainDataset/image/177.png,wysiwyr_real/data/TrainDataset/masks/177.png
train,cju1871y11d6r0799k6cw4yze,wysiwyr_real/data/TrainDataset/image/cju1871y11d6r0799k6cw4yze.png,wysiwyr_real/data/TrainDataset/masks/cju1871y11d6r0799k6cw4yze.png
train,cju7dp3dw2k4n0755zhe003ad,wysiwyr_real/data/TrainDataset/image/cju7dp3dw2k4n0755zhe003ad.png,wysiwyr_real/data/TrainDataset/masks/cju7dp3dw2k4n0755zhe003ad.png
train,252,wysiwyr_real/data/TrainDataset/image/252.png,wysiwyr_real/data/TrainDataset/masks/252.png
train,cju84dsvaklpx098750hp83x4,wysiwyr_real/data/TrainDataset/image/cju84dsvaklpx098750hp83x4.png,wysiwyr_real/data/TrainDataset/masks/cju84dsvaklpx098750hp83x4.png
train,cju2t16vuucaq0835xcpsivn2,wysiwyr_real/data/TrainDataset/image/cju2t16vuucaq0835xcpsivn2.png,wysiwyr_real/data/TrainDataset/masks/cju2t16vuucaq0835xcpsivn2.png
train,cju7f0ec32txj08184asb8w5f,wysiwyr_real/data/TrainDataset/image/cju7f0ec32txj08184asb8w5f.png,wysiwyr_real/data/TrainDataset/masks/cju7f0ec32txj08184asb8w5f.png
train,225,wysiwyr_real/data/TrainDataset/image/225.png,wysiwyr_real/data/TrainDataset/masks/225.png
train,cju31rb7vb6110801p9rhacuw,wysiwyr_real/data/TrainDataset/image/cju31rb7vb6110801p9rhacuw.png,wysiwyr_real/data/TrainDataset/masks/cju31rb7vb6110801p9rhacuw.png
train,168,wysiwyr_real/data/TrainDataset/image/168.png,wysiwyr_real/data/TrainDataset/masks/168.png
train,cju183od81ff608017ekzif89,wysiwyr_real/data/TrainDataset/image/cju183od81ff608017ekzif89.png,wysiwyr_real/data/TrainDataset/masks/cju183od81ff608017ekzif89.png
train,cju34zivp3fq80988opxbaqyn,wysiwyr_real/data/TrainDataset/image/cju34zivp3fq80988opxbaqyn.png,wysiwyr_real/data/TrainDataset/masks/cju34zivp3fq80988opxbaqyn.png
train,cju5ygh1zmmdi0755uod5e17i,wysiwyr_real/data/TrainDataset/image/cju5ygh1zmmdi0755uod5e17i.png,wysiwyr_real/data/TrainDataset/masks/cju5ygh1zmmdi0755uod5e17i.png
train,cju33231uy4gi0993qc7b1jch,wysiwyr_real/data/TrainDataset/image/cju33231uy4gi0993qc7b1jch.png,wysiwyr_real/data/TrainDataset/masks/cju33231uy4gi0993qc7b1jch.png
train,51,wysiwyr_real/data/TrainDataset/image/51.png,wysiwyr_real/data/TrainDataset/masks/51.png
train,cju2rpa30t07b0835im0erql0,wysiwyr_real/data/TrainDataset/image/cju2rpa30t07b0835im0erql0.png,wysiwyr_real/data/TrainDataset/masks/cju2rpa30t07b0835im0erql0.png
train,158,wysiwyr_real/data/TrainDataset/image/158.png,wysiwyr_real/data/TrainDataset/masks/158.png
train,cju5x15djm7ae0755h8czf6nt,wysiwyr_real/data/TrainDataset/image/cju5x15djm7ae0755h8czf6nt.png,wysiwyr_real/data/TrainDataset/masks/cju5x15djm7ae0755h8czf6nt.png
train,cju8dic9mtppa0987swn23wbc,wysiwyr_real/data/TrainDataset/image/cju8dic9mtppa0987swn23wbc.png,wysiwyr_real/data/TrainDataset/masks/cju8dic9mtppa0987swn23wbc.png
train,12,wysiwyr_real/data/TrainDataset/image/12.png,wysiwyr_real/data/TrainDataset/masks/12.png
train,cju1cfhyg48bb0799cl5pr2jh,wysiwyr_real/data/TrainDataset/image/cju1cfhyg48bb0799cl5pr2jh.png,wysiwyr_real/data/TrainDataset/masks/cju1cfhyg48bb0799cl5pr2jh.png
train,566,wysiwyr_real/data/TrainDataset/image/566.png,wysiwyr_real/data/TrainDataset/masks/566.png
train,cju83syhdk6gs0801rf1rekdl,wysiwyr_real/data/TrainDataset/image/cju83syhdk6gs0801rf1rekdl.png,wysiwyr_real/data/TrainDataset/masks/cju83syhdk6gs0801rf1rekdl.png
train,292,wysiwyr_real/data/TrainDataset/image/292.png,wysiwyr_real/data/TrainDataset/masks/292.png
train,cju35eg0tdmjt085525sb4bua,wysiwyr_real/data/TrainDataset/image/cju35eg0tdmjt085525sb4bua.png,wysiwyr_real/data/TrainDataset/masks/cju35eg0tdmjt085525sb4bua.png
train,cju14pxbaoksp0835qzorx6g6,wysiwyr_real/data/TrainDataset/image/cju14pxbaoksp0835qzorx6g6.png,wysiwyr_real/data/TrainDataset/masks/cju14pxbaoksp0835qzorx6g6.png
train,cju3128yi0rpu0988o4oo5n8n,wysiwyr_real/data/TrainDataset/image/cju3128yi0rpu0988o4oo5n8n.png,wysiwyr_real/data/TrainDataset/masks/cju3128yi0rpu0988o4oo5n8n.png
train,347,wysiwyr_real/data/TrainDataset/image/347.png,wysiwyr_real/data/TrainDataset/masks/347.png
train,cju3u4lxmg59o0755rz42b9en,wysiwyr_real/data/TrainDataset/image/cju3u4lxmg59o0755rz42b9en.png,wysiwyr_real/data/TrainDataset/masks/cju3u4lxmg59o0755rz42b9en.png
train,238,wysiwyr_real/data/TrainDataset/image/238.png,wysiwyr_real/data/TrainDataset/masks/238.png
train,229,wysiwyr_real/data/TrainDataset/image/229.png,wysiwyr_real/data/TrainDataset/masks/229.png
train,327,wysiwyr_real/data/TrainDataset/image/327.png,wysiwyr_real/data/TrainDataset/masks/327.png
train,cju8b6rp0r5st0850184f79xt,wysiwyr_real/data/TrainDataset/image/cju8b6rp0r5st0850184f79xt.png,wysiwyr_real/data/TrainDataset/masks/cju8b6rp0r5st0850184f79xt.png
train,480,wysiwyr_real/data/TrainDataset/image/480.png,wysiwyr_real/data/TrainDataset/masks/480.png
train,cju3u815rg4ek0850vvhtcvcm,wysiwyr_real/data/TrainDataset/image/cju3u815rg4ek0850vvhtcvcm.png,wysiwyr_real/data/TrainDataset/masks/cju3u815rg4ek0850vvhtcvcm.png
train,cju30df2j09dd08351ayx2t6w,wysiwyr_real/data/TrainDataset/image/cju30df2j09dd08351ayx2t6w.png,wysiwyr_real/data/TrainDataset/masks/cju30df2j09dd08351ayx2t6w.png
train,297,wysiwyr_real/data/TrainDataset/image/297.png,wysiwyr_real/data/TrainDataset/masks/297.png
train,173,wysiwyr_real/data/TrainDataset/image/173.png,wysiwyr_real/data/TrainDataset/masks/173.png
train,301,wysiwyr_real/data/TrainDataset/image/301.png,wysiwyr_real/data/TrainDataset/masks/301.png
train,cju85ia1slh220987y7c20sm2,wysiwyr_real/data/TrainDataset/image/cju85ia1slh220987y7c20sm2.png,wysiwyr_real/data/TrainDataset/masks/cju85ia1slh220987y7c20sm2.png
train,198,wysiwyr_real/data/TrainDataset/image/198.png,wysiwyr_real/data/TrainDataset/masks/198.png
train,306,wysiwyr_real/data/TrainDataset/image/306.png,wysiwyr_real/data/TrainDataset/masks/306.png
train,286,wysiwyr_real/data/TrainDataset/image/286.png,wysiwyr_real/data/TrainDataset/masks/286.png
train,410,wysiwyr_real/data/TrainDataset/image/410.png,wysiwyr_real/data/TrainDataset/masks/410.png
train,487,wysiwyr_real/data/TrainDataset/image/487.png,wysiwyr_real/data/TrainDataset/masks/487.png
train,cju14g8o4xui30878gkgbrvqj,wysiwyr_real/data/TrainDataset/image/cju14g8o4xui30878gkgbrvqj.png,wysiwyr_real/data/TrainDataset/masks/cju14g8o4xui30878gkgbrvqj.png
train,cju353d1eda8c07992afde611,wysiwyr_real/data/TrainDataset/image/cju353d1eda8c07992afde611.png,wysiwyr_real/data/TrainDataset/masks/cju353d1eda8c07992afde611.png
train,cju3umoh1geet0817cmpef5am,wysiwyr_real/data/TrainDataset/image/cju3umoh1geet0817cmpef5am.png,wysiwyr_real/data/TrainDataset/masks/cju3umoh1geet0817cmpef5am.png
train,470,wysiwyr_real/data/TrainDataset/image/470.png,wysiwyr_real/data/TrainDataset/masks/470.png
train,516,wysiwyr_real/data/TrainDataset/image/516.png,wysiwyr_real/data/TrainDataset/masks/516.png
val,457,wysiwyr_real/data/TrainDataset/image/457.png,wysiwyr_real/data/TrainDataset/masks/457.png
val,cju7b9vcs1luz0987ta60j1dy,wysiwyr_real/data/TrainDataset/image/cju7b9vcs1luz0987ta60j1dy.png,wysiwyr_real/data/TrainDataset/masks/cju7b9vcs1luz0987ta60j1dy.png
val,cju2p91qir00k08350ddfif0w,wysiwyr_real/data/TrainDataset/image/cju2p91qir00k08350ddfif0w.png,wysiwyr_real/data/TrainDataset/masks/cju2p91qir00k08350ddfif0w.png
val,cju3xiic0ilzp0850lusrb42j,wysiwyr_real/data/TrainDataset/image/cju3xiic0ilzp0850lusrb42j.png,wysiwyr_real/data/TrainDataset/masks/cju3xiic0ilzp0850lusrb42j.png
val,cjyzlw7f9faqr070129au64sq,wysiwyr_real/data/TrainDataset/image/cjyzlw7f9faqr070129au64sq.png,wysiwyr_real/data/TrainDataset/masks/cjyzlw7f9faqr070129au64sq.png
val,cju7el6xv2k520817qxx9wdr5,wysiwyr_real/data/TrainDataset/image/cju7el6xv2k520817qxx9wdr5.png,wysiwyr_real/data/TrainDataset/masks/cju7el6xv2k520817qxx9wdr5.png
val,315,wysiwyr_real/data/TrainDataset/image/315.png,wysiwyr_real/data/TrainDataset/masks/315.png
val,328,wysiwyr_real/data/TrainDataset/image/328.png,wysiwyr_real/data/TrainDataset/masks/328.png
val,cju42tauqlo5p08171l3cuo4b,wysiwyr_real/data/TrainDataset/image/cju42tauqlo5p08171l3cuo4b.png,wysiwyr_real/data/TrainDataset/masks/cju42tauqlo5p08171l3cuo4b.png
val,126,wysiwyr_real/data/TrainDataset/image/126.png,wysiwyr_real/data/TrainDataset/masks/126.png
val,cju5udcufki0s09874ll1dbr5,wysiwyr_real/data/TrainDataset/image/cju5udcufki0s09874ll1dbr5.png,wysiwyr_real/data/TrainDataset/masks/cju5udcufki0s09874ll1dbr5.png
val,167,wysiwyr_real/data/TrainDataset/image/167.png,wysiwyr_real/data/TrainDataset/masks/167.png
val,cju42m60jlpcm08186kqppzqv,wysiwyr_real/data/TrainDataset/image/cju42m60jlpcm08186kqppzqv.png,wysiwyr_real/data/TrainDataset/masks/cju42m60jlpcm08186kqppzqv.png
val,cju1dia8hvc6v098827mgffnm,wysiwyr_real/data/TrainDataset/image/cju1dia8hvc6v098827mgffnm.png,wysiwyr_real/data/TrainDataset/masks/cju1dia8hvc6v098827mgffnm.png
val,cju5wqonpm0e60801z88ewmy1,wysiwyr_real/data/TrainDataset/image/cju5wqonpm0e60801z88ewmy1.png,wysiwyr_real/data/TrainDataset/masks/cju5wqonpm0e60801z88ewmy1.png
val,cju2upu4evw7g08358guwozxv,wysiwyr_real/data/TrainDataset/image/cju2upu4evw7g08358guwozxv.png,wysiwyr_real/data/TrainDataset/masks/cju2upu4evw7g08358guwozxv.png
val,cju45qbf3n9sa0987oonbkly9,wysiwyr_real/data/TrainDataset/image/cju45qbf3n9sa0987oonbkly9.png,wysiwyr_real/data/TrainDataset/masks/cju45qbf3n9sa0987oonbkly9.png
val,cju2ntxtdzlvu0799xl3j9pan,wysiwyr_real/data/TrainDataset/image/cju2ntxtdzlvu0799xl3j9pan.png,wysiwyr_real/data/TrainDataset/masks/cju2ntxtdzlvu0799xl3j9pan.png
val,cju5bycdkalkb09875f7bfrvx,wysiwyr_real/data/TrainDataset/image/cju5bycdkalkb09875f7bfrvx.png,wysiwyr_real/data/TrainDataset/masks/cju5bycdkalkb09875f7bfrvx.png
val,591,wysiwyr_real/data/TrainDataset/image/591.png,wysiwyr_real/data/TrainDataset/masks/591.png
val,cju2oi8sq0i2y0801mektzvw8,wysiwyr_real/data/TrainDataset/image/cju2oi8sq0i2y0801mektzvw8.png,wysiwyr_real/data/TrainDataset/masks/cju2oi8sq0i2y0801mektzvw8.png
val,cju0sxqiclckk08551ycbwhno,wysiwyr_real/data/TrainDataset/image/cju0sxqiclckk08551ycbwhno.png,wysiwyr_real/data/TrainDataset/masks/cju0sxqiclckk08551ycbwhno.png
val,207,wysiwyr_real/data/TrainDataset/image/207.png,wysiwyr_real/data/TrainDataset/masks/207.png
val,128,wysiwyr_real/data/TrainDataset/image/128.png,wysiwyr_real/data/TrainDataset/masks/128.png
val,cju418rckl3ur08012psrx1r1,wysiwyr_real/data/TrainDataset/image/cju418rckl3ur08012psrx1r1.png,wysiwyr_real/data/TrainDataset/masks/cju418rckl3ur08012psrx1r1.png
val,cju40taxlkrho0987smigg0x0,wysiwyr_real/data/TrainDataset/image/cju40taxlkrho0987smigg0x0.png,wysiwyr_real/data/TrainDataset/masks/cju40taxlkrho0987smigg0x0.png
val,500,wysiwyr_real/data/TrainDataset/image/500.png,wysiwyr_real/data/TrainDataset/masks/500.png
val,cju1g4nsb6ngy0799l4ezm8ab,wysiwyr_real/data/TrainDataset/image/cju1g4nsb6ngy0799l4ezm8ab.png,wysiwyr_real/data/TrainDataset/masks/cju1g4nsb6ngy0799l4ezm8ab.png
val,548,wysiwyr_real/data/TrainDataset/image/548.png,wysiwyr_real/data/TrainDataset/masks/548.png
val,cju8djdqztu6408506pzhlo18,wysiwyr_real/data/TrainDataset/image/cju8djdqztu6408506pzhlo18.png,wysiwyr_real/data/TrainDataset/masks/cju8djdqztu6408506pzhlo18.png
val,cju5b9oyda4yr0850g9viziyv,wysiwyr_real/data/TrainDataset/image/cju5b9oyda4yr0850g9viziyv.png,wysiwyr_real/data/TrainDataset/masks/cju5b9oyda4yr0850g9viziyv.png
val,cju5k503sfa5f0871lx0rpu5y,wysiwyr_real/data/TrainDataset/image/cju5k503sfa5f0871lx0rpu5y.png,wysiwyr_real/data/TrainDataset/masks/cju5k503sfa5f0871lx0rpu5y.png
val,cju2mfjndoz700988b9lc3zeq,wysiwyr_real/data/TrainDataset/image/cju2mfjndoz700988b9lc3zeq.png,wysiwyr_real/data/TrainDataset/masks/cju2mfjndoz700988b9lc3zeq.png
val,cju3tsh4lfsok0987w6x3a0v1,wysiwyr_real/data/TrainDataset/image/cju3tsh4lfsok0987w6x3a0v1.png,wysiwyr_real/data/TrainDataset/masks/cju3tsh4lfsok0987w6x3a0v1.png
val,178,wysiwyr_real/data/TrainDataset/image/178.png,wysiwyr_real/data/TrainDataset/masks/178.png
val,cju87nkyrnb970801q84m47yt,wysiwyr_real/data/TrainDataset/image/cju87nkyrnb970801q84m47yt.png,wysiwyr_real/data/TrainDataset/masks/cju87nkyrnb970801q84m47yt.png
val,cju7fazv92ywx0755xov2erga,wysiwyr_real/data/TrainDataset/image/cju7fazv92ywx0755xov2erga.png,wysiwyr_real/data/TrainDataset/masks/cju7fazv92ywx0755xov2erga.png
val,cju3xzvnzj0hd0755xprz39nj,wysiwyr_real/data/TrainDataset/image/cju3xzvnzj0hd0755xprz39nj.png,wysiwyr_real/data/TrainDataset/masks/cju3xzvnzj0hd0755xprz39nj.png
val,cju6wn57mvooj0850rp78hhy7,wysiwyr_real/data/TrainDataset/image/cju6wn57mvooj0850rp78hhy7.png,wysiwyr_real/data/TrainDataset/masks/cju6wn57mvooj0850rp78hhy7.png
val,cju2r7h21sj9608354gzks3ae,wysiwyr_real/data/TrainDataset/image/cju2r7h21sj9608354gzks3ae.png,wysiwyr_real/data/TrainDataset/masks/cju2r7h21sj9608354gzks3ae.png
val,cju2r11x7sdgx0988o8ule0wl,wysiwyr_real/data/TrainDataset/image/cju2r11x7sdgx0988o8ule0wl.png,wysiwyr_real/data/TrainDataset/masks/cju2r11x7sdgx0988o8ule0wl.png
val,cju8auylgqx0z0871u4o4db7o,wysiwyr_real/data/TrainDataset/image/cju8auylgqx0z0871u4o4db7o.png,wysiwyr_real/data/TrainDataset/masks/cju8auylgqx0z0871u4o4db7o.png
val,70,wysiwyr_real/data/TrainDataset/image/70.png,wysiwyr_real/data/TrainDataset/masks/70.png
val,cju6v5ilsv8hk0850rb5sgh6o,wysiwyr_real/data/TrainDataset/image/cju6v5ilsv8hk0850rb5sgh6o.png,wysiwyr_real/data/TrainDataset/masks/cju6v5ilsv8hk0850rb5sgh6o.png
val,cju2hw5gjlr5h0988so2qqres,wysiwyr_real/data/TrainDataset/image/cju2hw5gjlr5h0988so2qqres.png,wysiwyr_real/data/TrainDataset/masks/cju2hw5gjlr5h0988so2qqres.png
val,162,wysiwyr_real/data/TrainDataset/image/162.png,wysiwyr_real/data/TrainDataset/masks/162.png
val,482,wysiwyr_real/data/TrainDataset/image/482.png,wysiwyr_real/data/TrainDataset/masks/482.png
val,cju2syxa93yw40799x2iuwabz,wysiwyr_real/data/TrainDataset/image/cju2syxa93yw40799x2iuwabz.png,wysiwyr_real/data/TrainDataset/masks/cju2syxa93yw40799x2iuwabz.png
val,cju2y8s56ymqr083541ggdsml,wysiwyr_real/data/TrainDataset/image/cju2y8s56ymqr083541ggdsml.png,wysiwyr_real/data/TrainDataset/masks/cju2y8s56ymqr083541ggdsml.png
val,cju2hewssldzx0835ep795xu0,wysiwyr_real/data/TrainDataset/image/cju2hewssldzx0835ep795xu0.png,wysiwyr_real/data/TrainDataset/masks/cju2hewssldzx0835ep795xu0.png
val,cju41kd7yl4nm0850gil5qqwh,wysiwyr_real/data/TrainDataset/image/cju41kd7yl4nm0850gil5qqwh.png,wysiwyr_real/data/TrainDataset/masks/cju41kd7yl4nm0850gil5qqwh.png
val,cju2uwz9f5yf1085506cfamfx,wysiwyr_real/data/TrainDataset/image/cju2uwz9f5yf1085506cfamfx.png,wysiwyr_real/data/TrainDataset/masks/cju2uwz9f5yf1085506cfamfx.png
val,cju45ofd9ne1j0801ri8dup7t,wysiwyr_real/data/TrainDataset/image/cju45ofd9ne1j0801ri8dup7t.png,wysiwyr_real/data/TrainDataset/masks/cju45ofd9ne1j0801ri8dup7t.png
val,13,wysiwyr_real/data/TrainDataset/image/13.png,wysiwyr_real/data/TrainDataset/masks/13.png
val,26,wysiwyr_real/data/TrainDataset/image/26.png,wysiwyr_real/data/TrainDataset/masks/26.png
val,11,wysiwyr_real/data/TrainDataset/image/11.png,wysiwyr_real/data/TrainDataset/masks/11.png
val,cju2m56cryvqd0801gtn2yp8t,wysiwyr_real/data/TrainDataset/image/cju2m56cryvqd0801gtn2yp8t.png,wysiwyr_real/data/TrainDataset/masks/cju2m56cryvqd0801gtn2yp8t.png
val,cju783tmkzkqu081803g7q5vk,wysiwyr_real/data/TrainDataset/image/cju783tmkzkqu081803g7q5vk.png,wysiwyr_real/data/TrainDataset/masks/cju783tmkzkqu081803g7q5vk.png
val,cju5wphwwlu3m0987hh3ltg88,wysiwyr_real/data/TrainDataset/image/cju5wphwwlu3m0987hh3ltg88.png,wysiwyr_real/data/TrainDataset/masks/cju5wphwwlu3m0987hh3ltg88.png
val,cju5u6wf0kh1t0755bg1ssixv,wysiwyr_real/data/TrainDataset/image/cju5u6wf0kh1t0755bg1ssixv.png,wysiwyr_real/data/TrainDataset/masks/cju5u6wf0kh1t0755bg1ssixv.png
val,565,wysiwyr_real/data/TrainDataset/image/565.png,wysiwyr_real/data/TrainDataset/masks/565.png
val,cju2oo0wh0bqy0878biujeyhe,wysiwyr_real/data/TrainDataset/image/cju2oo0wh0bqy0878biujeyhe.png,wysiwyr_real/data/TrainDataset/masks/cju2oo0wh0bqy0878biujeyhe.png
val,cju358pwtdby20878cg7nm0np,wysiwyr_real/data/TrainDataset/image/cju358pwtdby20878cg7nm0np.png,wysiwyr_real/data/TrainDataset/masks/cju358pwtdby20878cg7nm0np.png
val,110,wysiwyr_real/data/TrainDataset/image/110.png,wysiwyr_real/data/TrainDataset/masks/110.png
val,68,wysiwyr_real/data/TrainDataset/image/68.png,wysiwyr_real/data/TrainDataset/masks/68.png
val,35,wysiwyr_real/data/TrainDataset/image/35.png,wysiwyr_real/data/TrainDataset/masks/35.png
val,192,wysiwyr_real/data/TrainDataset/image/192.png,wysiwyr_real/data/TrainDataset/masks/192.png
val,398,wysiwyr_real/data/TrainDataset/image/398.png,wysiwyr_real/data/TrainDataset/masks/398.png
val,cju7dglf226g50987ohbthl19,wysiwyr_real/data/TrainDataset/image/cju7dglf226g50987ohbthl19.png,wysiwyr_real/data/TrainDataset/masks/cju7dglf226g50987ohbthl19.png
val,cju17bz250pgd0799u1hqkj5u,wysiwyr_real/data/TrainDataset/image/cju17bz250pgd0799u1hqkj5u.png,wysiwyr_real/data/TrainDataset/masks/cju17bz250pgd0799u1hqkj5u.png
val,329,wysiwyr_real/data/TrainDataset/image/329.png,wysiwyr_real/data/TrainDataset/masks/329.png
val,cju6vta3kvazg0817qbeppjtm,wysiwyr_real/data/TrainDataset/image/cju6vta3kvazg0817qbeppjtm.png,wysiwyr_real/data/TrainDataset/masks/cju6vta3kvazg0817qbeppjtm.png
val,212,wysiwyr_real/data/TrainDataset/image/212.png,wysiwyr_real/data/TrainDataset/masks/212.png
val,cju1d96gsv62d09881b3wecw2,wysiwyr_real/data/TrainDataset/image/cju1d96gsv62d09881b3wecw2.png,wysiwyr_real/data/TrainDataset/masks/cju1d96gsv62d09881b3wecw2.png
val,cjyzu3reghjya0794w7pwoi50,wysiwyr_real/data/TrainDataset/image/cjyzu3reghjya0794w7pwoi50.png,wysiwyr_real/data/TrainDataset/masks/cjyzu3reghjya0794w7pwoi50.png
val,cju1dg44i4z3w0801nyz4p6zf,wysiwyr_real/data/TrainDataset/image/cju1dg44i4z3w0801nyz4p6zf.png,wysiwyr_real/data/TrainDataset/masks/cju1dg44i4z3w0801nyz4p6zf.png
val,cju5yimthmlv80850zhoc90c2,wysiwyr_real/data/TrainDataset/image/cju5yimthmlv80850zhoc90c2.png,wysiwyr_real/data/TrainDataset/masks/cju5yimthmlv80850zhoc90c2.png
val,cju5wmvsdlx1j0871npgj8j4b,wysiwyr_real/data/TrainDataset/image/cju5wmvsdlx1j0871npgj8j4b.png,wysiwyr_real/data/TrainDataset/masks/cju5wmvsdlx1j0871npgj8j4b.png
val,cju40r6jrksyk0871wg98zgho,wysiwyr_real/data/TrainDataset/image/cju40r6jrksyk0871wg98zgho.png,wysiwyr_real/data/TrainDataset/masks/cju40r6jrksyk0871wg98zgho.png
val,132,wysiwyr_real/data/TrainDataset/image/132.png,wysiwyr_real/data/TrainDataset/masks/132.png
val,28,wysiwyr_real/data/TrainDataset/image/28.png,wysiwyr_real/data/TrainDataset/masks/28.png
val,317,wysiwyr_real/data/TrainDataset/image/317.png,wysiwyr_real/data/TrainDataset/masks/317.png
val,60,wysiwyr_real/data/TrainDataset/image/60.png,wysiwyr_real/data/TrainDataset/masks/60.png
val,359,wysiwyr_real/data/TrainDataset/image/359.png,wysiwyr_real/data/TrainDataset/masks/359.png
val,cju6wuojavt740818b5qcv3iw,wysiwyr_real/data/TrainDataset/image/cju6wuojavt740818b5qcv3iw.png,wysiwyr_real/data/TrainDataset/masks/cju6wuojavt740818b5qcv3iw.png
val,448,wysiwyr_real/data/TrainDataset/image/448.png,wysiwyr_real/data/TrainDataset/masks/448.png
val,cju2ycp1u8g2r0799jslnp7cz,wysiwyr_real/data/TrainDataset/image/cju2ycp1u8g2r0799jslnp7cz.png,wysiwyr_real/data/TrainDataset/masks/cju2ycp1u8g2r0799jslnp7cz.png
val,22,wysiwyr_real/data/TrainDataset/image/22.png,wysiwyr_real/data/TrainDataset/masks/22.png
val,562,wysiwyr_real/data/TrainDataset/image/562.png,wysiwyr_real/data/TrainDataset/masks/562.png
val,550,wysiwyr_real/data/TrainDataset/image/550.png,wysiwyr_real/data/TrainDataset/masks/550.png
val,cju2qxxko229x08786gvxxhur,wysiwyr_real/data/TrainDataset/image/cju2qxxko229x08786gvxxhur.png,wysiwyr_real/data/TrainDataset/masks/cju2qxxko229x08786gvxxhur.png
val,380,wysiwyr_real/data/TrainDataset/image/380.png,wysiwyr_real/data/TrainDataset/masks/380.png
val,cju5xopi0md7q0871r1sjc1av,wysiwyr_real/data/TrainDataset/image/cju5xopi0md7q0871r1sjc1av.png,wysiwyr_real/data/TrainDataset/masks/cju5xopi0md7q0871r1sjc1av.png
val,cju35k2fr3vc50988c85qkrwg,wysiwyr_real/data/TrainDataset/image/cju35k2fr3vc50988c85qkrwg.png,wysiwyr_real/data/TrainDataset/masks/cju35k2fr3vc50988c85qkrwg.png
val,419,wysiwyr_real/data/TrainDataset/image/419.png,wysiwyr_real/data/TrainDataset/masks/419.png
val,cju2tqfgw4oat0799rn0g5b2z,wysiwyr_real/data/TrainDataset/image/cju2tqfgw4oat0799rn0g5b2z.png,wysiwyr_real/data/TrainDataset/masks/cju2tqfgw4oat0799rn0g5b2z.png
val,cju3x9lttikfb0818a0g104zn,wysiwyr_real/data/TrainDataset/image/cju3x9lttikfb0818a0g104zn.png,wysiwyr_real/data/TrainDataset/masks/cju3x9lttikfb0818a0g104zn.png
val,cju5u8gz4kj5b07552e2wpkwp,wysiwyr_real/data/TrainDataset/image/cju5u8gz4kj5b07552e2wpkwp.png,wysiwyr_real/data/TrainDataset/masks/cju5u8gz4kj5b07552e2wpkwp.png
val,cju5hqz50e7o90850e0prlpa0,wysiwyr_real/data/TrainDataset/image/cju5hqz50e7o90850e0prlpa0.png,wysiwyr_real/data/TrainDataset/masks/cju5hqz50e7o90850e0prlpa0.png
val,cju85plp7lmkw0850rx42jdpf,wysiwyr_real/data/TrainDataset/image/cju85plp7lmkw0850rx42jdpf.png,wysiwyr_real/data/TrainDataset/masks/cju85plp7lmkw0850rx42jdpf.png
val,151,wysiwyr_real/data/TrainDataset/image/151.png,wysiwyr_real/data/TrainDataset/masks/151.png
val,cju5bf6hxa6m50817rbwettgu,wysiwyr_real/data/TrainDataset/image/cju5bf6hxa6m50817rbwettgu.png,wysiwyr_real/data/TrainDataset/masks/cju5bf6hxa6m50817rbwettgu.png
val,cju33o12x2jm50988944mxq0v,wysiwyr_real/data/TrainDataset/image/cju33o12x2jm50988944mxq0v.png,wysiwyr_real/data/TrainDataset/masks/cju33o12x2jm50988944mxq0v.png
val,cju88nroho44508500129f1nh,wysiwyr_real/data/TrainDataset/image/cju88nroho44508500129f1nh.png,wysiwyr_real/data/TrainDataset/masks/cju88nroho44508500129f1nh.png
val,cju7ekbo32pft0871fv7kzwb9,wysiwyr_real/data/TrainDataset/image/cju7ekbo32pft0871fv7kzwb9.png,wysiwyr_real/data/TrainDataset/masks/cju7ekbo32pft0871fv7kzwb9.png
val,cju5w7xn0lrkq0801f9k0htgx,wysiwyr_real/data/TrainDataset/image/cju5w7xn0lrkq0801f9k0htgx.png,wysiwyr_real/data/TrainDataset/masks/cju5w7xn0lrkq0801f9k0htgx.png
val,cju7ae7bq1f820987toc8si1d,wysiwyr_real/data/TrainDataset/image/cju7ae7bq1f820987toc8si1d.png,wysiwyr_real/data/TrainDataset/masks/cju7ae7bq1f820987toc8si1d.png
val,cju0s2a9ekvms080138tjjpxr,wysiwyr_real/data/TrainDataset/image/cju0s2a9ekvms080138tjjpxr.png,wysiwyr_real/data/TrainDataset/masks/cju0s2a9ekvms080138tjjpxr.png
val,cju8bn7m2rmm70817hgxpb1uq,wysiwyr_real/data/TrainDataset/image/cju8bn7m2rmm70817hgxpb1uq.png,wysiwyr_real/data/TrainDataset/masks/cju8bn7m2rmm70817hgxpb1uq.png
val,519,wysiwyr_real/data/TrainDataset/image/519.png,wysiwyr_real/data/TrainDataset/masks/519.png
val,cju34c1xfyz920993itxkkfad,wysiwyr_real/data/TrainDataset/image/cju34c1xfyz920993itxkkfad.png,wysiwyr_real/data/TrainDataset/masks/cju34c1xfyz920993itxkkfad.png
val,cju1hhj6mxfp90835n3wofrap,wysiwyr_real/data/TrainDataset/image/cju1hhj6mxfp90835n3wofrap.png,wysiwyr_real/data/TrainDataset/masks/cju1hhj6mxfp90835n3wofrap.png
val,cju7dlk532dsh0871zvr6qz0r,wysiwyr_real/data/TrainDataset/image/cju7dlk532dsh0871zvr6qz0r.png,wysiwyr_real/data/TrainDataset/masks/cju7dlk532dsh0871zvr6qz0r.png
val,cju160wshltz10993i1gmqxbe,wysiwyr_real/data/TrainDataset/image/cju160wshltz10993i1gmqxbe.png,wysiwyr_real/data/TrainDataset/masks/cju160wshltz10993i1gmqxbe.png
val,497,wysiwyr_real/data/TrainDataset/image/497.png,wysiwyr_real/data/TrainDataset/masks/497.png
val,412,wysiwyr_real/data/TrainDataset/image/412.png,wysiwyr_real/data/TrainDataset/masks/412.png
val,488,wysiwyr_real/data/TrainDataset/image/488.png,wysiwyr_real/data/TrainDataset/masks/488.png
val,466,wysiwyr_real/data/TrainDataset/image/466.png,wysiwyr_real/data/TrainDataset/masks/466.png
val,cju5vi4nxlc530817uoqm2m7a,wysiwyr_real/data/TrainDataset/image/cju5vi4nxlc530817uoqm2m7a.png,wysiwyr_real/data/TrainDataset/masks/cju5vi4nxlc530817uoqm2m7a.png
val,48,wysiwyr_real/data/TrainDataset/image/48.png,wysiwyr_real/data/TrainDataset/masks/48.png
val,cju2s9g11pnra0993gn4eh793,wysiwyr_real/data/TrainDataset/image/cju2s9g11pnra0993gn4eh793.png,wysiwyr_real/data/TrainDataset/masks/cju2s9g11pnra0993gn4eh793.png
val,cju33qpdvc9g0087825jhf3s9,wysiwyr_real/data/TrainDataset/image/cju33qpdvc9g0087825jhf3s9.png,wysiwyr_real/data/TrainDataset/masks/cju33qpdvc9g0087825jhf3s9.png
val,cju7fq7mm2pw508176uk5ugtx,wysiwyr_real/data/TrainDataset/image/cju7fq7mm2pw508176uk5ugtx.png,wysiwyr_real/data/TrainDataset/masks/cju7fq7mm2pw508176uk5ugtx.png
val,cju6xa0qmvzun0818xjukgncj,wysiwyr_real/data/TrainDataset/image/cju6xa0qmvzun0818xjukgncj.png,wysiwyr_real/data/TrainDataset/masks/cju6xa0qmvzun0818xjukgncj.png
val,242,wysiwyr_real/data/TrainDataset/image/242.png,wysiwyr_real/data/TrainDataset/masks/242.png
val,262,wysiwyr_real/data/TrainDataset/image/262.png,wysiwyr_real/data/TrainDataset/masks/262.png
val,cju8567gdlcbq0801dwwyo2jt,wysiwyr_real/data/TrainDataset/image/cju8567gdlcbq0801dwwyo2jt.png,wysiwyr_real/data/TrainDataset/masks/cju8567gdlcbq0801dwwyo2jt.png
val,118,wysiwyr_real/data/TrainDataset/image/118.png,wysiwyr_real/data/TrainDataset/masks/118.png
val,533,wysiwyr_real/data/TrainDataset/image/533.png,wysiwyr_real/data/TrainDataset/masks/533.png
val,5,wysiwyr_real/data/TrainDataset/image/5.png,wysiwyr_real/data/TrainDataset/masks/5.png
val,499,wysiwyr_real/data/TrainDataset/image/499.png,wysiwyr_real/data/TrainDataset/masks/499.png
val,cju2pkwt3r8b90988v2ywq1px,wysiwyr_real/data/TrainDataset/image/cju2pkwt3r8b90988v2ywq1px.png,wysiwyr_real/data/TrainDataset/masks/cju2pkwt3r8b90988v2ywq1px.png
val,cju2qh5le1ock0878oahaql7d,wysiwyr_real/data/TrainDataset/image/cju2qh5le1ock0878oahaql7d.png,wysiwyr_real/data/TrainDataset/masks/cju2qh5le1ock0878oahaql7d.png
val,136,wysiwyr_real/data/TrainDataset/image/136.png,wysiwyr_real/data/TrainDataset/masks/136.png
val,cju3y79ofj3va0871uqfb1mzo,wysiwyr_real/data/TrainDataset/image/cju3y79ofj3va0871uqfb1mzo.png,wysiwyr_real/data/TrainDataset/masks/cju3y79ofj3va0871uqfb1mzo.png
val,cju7epwj82koz098713apjnzo,wysiwyr_real/data/TrainDataset/image/cju7epwj82koz098713apjnzo.png,wysiwyr_real/data/TrainDataset/masks/cju7epwj82koz098713apjnzo.png
val,269,wysiwyr_real/data/TrainDataset/image/269.png,wysiwyr_real/data/TrainDataset/masks/269.png
val,cju3xjqtpikx50817tppy6g84,wysiwyr_real/data/TrainDataset/image/cju3xjqtpikx50817tppy6g84.png,wysiwyr_real/data/TrainDataset/masks/cju3xjqtpikx50817tppy6g84.png
val,cju2yg5ht8i4p087800js8hp4,wysiwyr_real/data/TrainDataset/image/cju2yg5ht8i4p087800js8hp4.png,wysiwyr_real/data/TrainDataset/masks/cju2yg5ht8i4p087800js8hp4.png
val,316,wysiwyr_real/data/TrainDataset/image/316.png,wysiwyr_real/data/TrainDataset/masks/316.png
val,cju846ec0kj7z08012o10klrb,wysiwyr_real/data/TrainDataset/image/cju846ec0kj7z08012o10klrb.png,wysiwyr_real/data/TrainDataset/masks/cju846ec0kj7z08012o10klrb.png
val,165,wysiwyr_real/data/TrainDataset/image/165.png,wysiwyr_real/data/TrainDataset/masks/165.png
val,9,wysiwyr_real/data/TrainDataset/image/9.png,wysiwyr_real/data/TrainDataset/masks/9.png
val,434,wysiwyr_real/data/TrainDataset/image/434.png,wysiwyr_real/data/TrainDataset/masks/434.png
val,333,wysiwyr_real/data/TrainDataset/image/333.png,wysiwyr_real/data/TrainDataset/masks/333.png
val,435,wysiwyr_real/data/TrainDataset/image/435.png,wysiwyr_real/data/TrainDataset/masks/435.png
val,cju45t5ddnbio0987qtqzx762,wysiwyr_real/data/TrainDataset/image/cju45t5ddnbio0987qtqzx762.png,wysiwyr_real/data/TrainDataset/masks/cju45t5ddnbio0987qtqzx762.png
val,cju8brv16rx7f0818uf5n89pv,wysiwyr_real/data/TrainDataset/image/cju8brv16rx7f0818uf5n89pv.png,wysiwyr_real/data/TrainDataset/masks/cju8brv16rx7f0818uf5n89pv.png
val,218,wysiwyr_real/data/TrainDataset/image/218.png,wysiwyr_real/data/TrainDataset/masks/218.png
val,590,wysiwyr_real/data/TrainDataset/image/590.png,wysiwyr_real/data/TrainDataset/masks/590.png
val,cju2u4pymvc720988wsxrmi84,wysiwyr_real/data/TrainDataset/image/cju2u4pymvc720988wsxrmi84.png,wysiwyr_real/data/TrainDataset/masks/cju2u4pymvc720988wsxrmi84.png
val,cju83qd0yjyht0817ktkfl268,wysiwyr_real/data/TrainDataset/image/cju83qd0yjyht0817ktkfl268.png,wysiwyr_real/data/TrainDataset/masks/cju83qd0yjyht0817ktkfl268.png
val,197,wysiwyr_real/data/TrainDataset/image/197.png,wysiwyr_real/data/TrainDataset/masks/197.png
val,138,wysiwyr_real/data/TrainDataset/image/138.png,wysiwyr_real/data/TrainDataset/masks/138.png
val,cju8b4ja9r2s808509d45ma86,wysiwyr_real/data/TrainDataset/image/cju8b4ja9r2s808509d45ma86.png,wysiwyr_real/data/TrainDataset/masks/cju8b4ja9r2s808509d45ma86.png
val,cju2qtee81yd708787bsjr75d,wysiwyr_real/data/TrainDataset/image/cju2qtee81yd708787bsjr75d.png,wysiwyr_real/data/TrainDataset/masks/cju2qtee81yd708787bsjr75d.png
val,cju8buos5rz9b08715lfr0f4f,wysiwyr_real/data/TrainDataset/image/cju8buos5rz9b08715lfr0f4f.png,wysiwyr_real/data/TrainDataset/masks/cju8buos5rz9b08715lfr0f4f.png
val,cju8d2q30tfhs0801n7lx77xl,wysiwyr_real/data/TrainDataset/image/cju8d2q30tfhs0801n7lx77xl.png,wysiwyr_real/data/TrainDataset/masks/cju8d2q30tfhs0801n7lx77xl.png
val,cju2qvuj1s9ok0835tp2k4ozh,wysiwyr_real/data/TrainDataset/image/cju2qvuj1s9ok0835tp2k4ozh.png,wysiwyr_real/data/TrainDataset/masks/cju2qvuj1s9ok0835tp2k4ozh.png
val,cju84gpefknwm098714oq8q61,wysiwyr_real/data/TrainDataset/image/cju84gpefknwm098714oq8q61.png,wysiwyr_real/data/TrainDataset/masks/cju84gpefknwm098714oq8q61.png
val,cju414lf2l1lt0801rl3hjllj,wysiwyr_real/data/TrainDataset/image/cju414lf2l1lt0801rl3hjllj.png,wysiwyr_real/data/TrainDataset/masks/cju414lf2l1lt0801rl3hjllj.png
val,18,wysiwyr_real/data/TrainDataset/image/18.png,wysiwyr_real/data/TrainDataset/masks/18.png
val,cju7787c5yy3l080159mwqsnj,wysiwyr_real/data/TrainDataset/image/cju7787c5yy3l080159mwqsnj.png,wysiwyr_real/data/TrainDataset/masks/cju7787c5yy3l080159mwqsnj.png
val,cju84ffdzkrjn08183jh1fxmb,wysiwyr_real/data/TrainDataset/image/cju84ffdzkrjn08183jh1fxmb.png,wysiwyr_real/data/TrainDataset/masks/cju84ffdzkrjn08183jh1fxmb.png
val,493,wysiwyr_real/data/TrainDataset/image/493.png,wysiwyr_real/data/TrainDataset/masks/493.png
val,cju2z6ez69g4u0801qwt088lw,wysiwyr_real/data/TrainDataset/image/cju2z6ez69g4u0801qwt088lw.png,wysiwyr_real/data/TrainDataset/masks/cju2z6ez69g4u0801qwt088lw.png
val,525,wysiwyr_real/data/TrainDataset/image/525.png,wysiwyr_real/data/TrainDataset/masks/525.png
val,cju8a1jtvpt9m081712iwkca7,wysiwyr_real/data/TrainDataset/image/cju8a1jtvpt9m081712iwkca7.png,wysiwyr_real/data/TrainDataset/masks/cju8a1jtvpt9m081712iwkca7.png
val,325,wysiwyr_real/data/TrainDataset/image/325.png,wysiwyr_real/data/TrainDataset/masks/325.png
val,cju33za6l2qy70988jhrlp2ev,wysiwyr_real/data/TrainDataset/image/cju33za6l2qy70988jhrlp2ev.png,wysiwyr_real/data/TrainDataset/masks/cju33za6l2qy70988jhrlp2ev.png
val,cju2hgsptlfam0835o3b59h1o,wysiwyr_real/data/TrainDataset/image/cju2hgsptlfam0835o3b59h1o.png,wysiwyr_real/data/TrainDataset/masks/cju2hgsptlfam0835o3b59h1o.png
val,cju42g865lorv07552ytz6xxa,wysiwyr_real/data/TrainDataset/image/cju42g865lorv07552ytz6xxa.png,wysiwyr_real/data/TrainDataset/masks/cju42g865lorv07552ytz6xxa.png
val,98,wysiwyr_real/data/TrainDataset/image/98.png,wysiwyr_real/data/TrainDataset/masks/98.png
val,cju3xvoo2iqlc0817eku2r3wl,wysiwyr_real/data/TrainDataset/image/cju3xvoo2iqlc0817eku2r3wl.png,wysiwyr_real/data/TrainDataset/masks/cju3xvoo2iqlc0817eku2r3wl.png
val,184,wysiwyr_real/data/TrainDataset/image/184.png,wysiwyr_real/data/TrainDataset/masks/184.png
val,cju35fxqyzt5p0993vusm54qz,wysiwyr_real/data/TrainDataset/image/cju35fxqyzt5p0993vusm54qz.png,wysiwyr_real/data/TrainDataset/masks/cju35fxqyzt5p0993vusm54qz.png
val,596,wysiwyr_real/data/TrainDataset/image/596.png,wysiwyr_real/data/TrainDataset/masks/596.png
val,cju5o1vu9gz8a0818eyy92bns,wysiwyr_real/data/TrainDataset/image/cju5o1vu9gz8a0818eyy92bns.png,wysiwyr_real/data/TrainDataset/masks/cju5o1vu9gz8a0818eyy92bns.png
val,467,wysiwyr_real/data/TrainDataset/image/467.png,wysiwyr_real/data/TrainDataset/masks/467.png
val,446,wysiwyr_real/data/TrainDataset/image/446.png,wysiwyr_real/data/TrainDataset/masks/446.png
val,cju5bbtwsa8cl0987wgfsqpao,wysiwyr_real/data/TrainDataset/image/cju5bbtwsa8cl0987wgfsqpao.png,wysiwyr_real/data/TrainDataset/masks/cju5bbtwsa8cl0987wgfsqpao.png
val,113,wysiwyr_real/data/TrainDataset/image/113.png,wysiwyr_real/data/TrainDataset/masks/113.png
val,33,wysiwyr_real/data/TrainDataset/image/33.png,wysiwyr_real/data/TrainDataset/masks/33.png
val,71,wysiwyr_real/data/TrainDataset/image/71.png,wysiwyr_real/data/TrainDataset/masks/71.png
val,cju8b0jr0r2oi0801jiquetd5,wysiwyr_real/data/TrainDataset/image/cju8b0jr0r2oi0801jiquetd5.png,wysiwyr_real/data/TrainDataset/masks/cju8b0jr0r2oi0801jiquetd5.png
val,cju2sszfq3uye0878sucelzk2,wysiwyr_real/data/TrainDataset/image/cju2sszfq3uye0878sucelzk2.png,wysiwyr_real/data/TrainDataset/masks/cju2sszfq3uye0878sucelzk2.png
val,cju7alcgr1lsr0871riqk84z7,wysiwyr_real/data/TrainDataset/image/cju7alcgr1lsr0871riqk84z7.png,wysiwyr_real/data/TrainDataset/masks/cju7alcgr1lsr0871riqk84z7.png
val,257,wysiwyr_real/data/TrainDataset/image/257.png,wysiwyr_real/data/TrainDataset/masks/257.png
val,cju2qu37qobl50993aw7ghcfq,wysiwyr_real/data/TrainDataset/image/cju2qu37qobl50993aw7ghcfq.png,wysiwyr_real/data/TrainDataset/masks/cju2qu37qobl50993aw7ghcfq.png
val,cju33belnbyhm0878yxl42233,wysiwyr_real/data/TrainDataset/image/cju33belnbyhm0878yxl42233.png,wysiwyr_real/data/TrainDataset/masks/cju33belnbyhm0878yxl42233.png
val,290,wysiwyr_real/data/TrainDataset/image/290.png,wysiwyr_real/data/TrainDataset/masks/290.png
val,cju2suk42469908015ngmq6f2,wysiwyr_real/data/TrainDataset/image/cju2suk42469908015ngmq6f2.png,wysiwyr_real/data/TrainDataset/masks/cju2suk42469908015ngmq6f2.png
val,465,wysiwyr_real/data/TrainDataset/image/465.png,wysiwyr_real/data/TrainDataset/masks/465.png
val,cju6xmqd9w0250817l5kxfnsk,wysiwyr_real/data/TrainDataset/image/cju6xmqd9w0250817l5kxfnsk.png,wysiwyr_real/data/TrainDataset/masks/cju6xmqd9w0250817l5kxfnsk.png
val,cju83vvmik9wa08710yeh7cuk,wysiwyr_real/data/TrainDataset/image/cju83vvmik9wa08710yeh7cuk.png,wysiwyr_real/data/TrainDataset/masks/cju83vvmik9wa08710yeh7cuk.png
val,cju2zo0fwzv580988qlijd2xa,wysiwyr_real/data/TrainDataset/image/cju2zo0fwzv580988qlijd2xa.png,wysiwyr_real/data/TrainDataset/masks/cju2zo0fwzv580988qlijd2xa.png
val,387,wysiwyr_real/data/TrainDataset/image/387.png,wysiwyr_real/data/TrainDataset/masks/387.png
val,53,wysiwyr_real/data/TrainDataset/image/53.png,wysiwyr_real/data/TrainDataset/masks/53.png
val,cju32gzs6xo8x0993r8tedbpb,wysiwyr_real/data/TrainDataset/image/cju32gzs6xo8x0993r8tedbpb.png,wysiwyr_real/data/TrainDataset/masks/cju32gzs6xo8x0993r8tedbpb.png
val,cju8cbsyssiqj0871gr4jedjp,wysiwyr_real/data/TrainDataset/image/cju8cbsyssiqj0871gr4jedjp.png,wysiwyr_real/data/TrainDataset/masks/cju8cbsyssiqj0871gr4jedjp.png
val,cju8chxndsre008015uisl4si,wysiwyr_real/data/TrainDataset/image/cju8chxndsre008015uisl4si.png,wysiwyr_real/data/TrainDataset/masks/cju8chxndsre008015uisl4si.png
val,275,wysiwyr_real/data/TrainDataset/image/275.png,wysiwyr_real/data/TrainDataset/masks/275.png
val,520,wysiwyr_real/data/TrainDataset/image/520.png,wysiwyr_real/data/TrainDataset/masks/520.png
val,318,wysiwyr_real/data/TrainDataset/image/318.png,wysiwyr_real/data/TrainDataset/masks/318.png
val,cju1819curo000988pd5xcqme,wysiwyr_real/data/TrainDataset/image/cju1819curo000988pd5xcqme.png,wysiwyr_real/data/TrainDataset/masks/cju1819curo000988pd5xcqme.png
val,384,wysiwyr_real/data/TrainDataset/image/384.png,wysiwyr_real/data/TrainDataset/masks/384.png
val,cju3y54kwj3nr0801biidlb4e,wysiwyr_real/data/TrainDataset/image/cju3y54kwj3nr0801biidlb4e.png,wysiwyr_real/data/TrainDataset/masks/cju3y54kwj3nr0801biidlb4e.png
val,cju2r91dg2k090801bh0xzbxk,wysiwyr_real/data/TrainDataset/image/cju2r91dg2k090801bh0xzbxk.png,wysiwyr_real/data/TrainDataset/masks/cju2r91dg2k090801bh0xzbxk.png
val,540,wysiwyr_real/data/TrainDataset/image/540.png,wysiwyr_real/data/TrainDataset/masks/540.png
val,cju6yywx1whbb0871ksgfgf9f,wysiwyr_real/data/TrainDataset/image/cju6yywx1whbb0871ksgfgf9f.png,wysiwyr_real/data/TrainDataset/masks/cju6yywx1whbb0871ksgfgf9f.png
val,cju34o6dbd2lo0855aqlcy1hs,wysiwyr_real/data/TrainDataset/image/cju34o6dbd2lo0855aqlcy1hs.png,wysiwyr_real/data/TrainDataset/masks/cju34o6dbd2lo0855aqlcy1hs.png
val,cju8418jhkf7d0818ga2v0xq0,wysiwyr_real/data/TrainDataset/image/cju8418jhkf7d0818ga2v0xq0.png,wysiwyr_real/data/TrainDataset/masks/cju8418jhkf7d0818ga2v0xq0.png
val,407,wysiwyr_real/data/TrainDataset/image/407.png,wysiwyr_real/data/TrainDataset/masks/407.png
val,593,wysiwyr_real/data/TrainDataset/image/593.png,wysiwyr_real/data/TrainDataset/masks/593.png
val,cju8aj01yqeqm0850lhdz3xdw,wysiwyr_real/data/TrainDataset/image/cju8aj01yqeqm0850lhdz3xdw.png,wysiwyr_real/data/TrainDataset/masks/cju8aj01yqeqm0850lhdz3xdw.png
val,cju2i8br1vqtd08784u6vmcjk,wysiwyr_real/data/TrainDataset/image/cju2i8br1vqtd08784u6vmcjk.png,wysiwyr_real/data/TrainDataset/masks/cju2i8br1vqtd08784u6vmcjk.png
val,183,wysiwyr_real/data/TrainDataset/image/183.png,wysiwyr_real/data/TrainDataset/masks/183.png
val,258,wysiwyr_real/data/TrainDataset/image/258.png,wysiwyr_real/data/TrainDataset/masks/258.png
val,366,wysiwyr_real/data/TrainDataset/image/366.png,wysiwyr_real/data/TrainDataset/masks/366.png
val,108,wysiwyr_real/data/TrainDataset/image/108.png,wysiwyr_real/data/TrainDataset/masks/108.png
val,456,wysiwyr_real/data/TrainDataset/image/456.png,wysiwyr_real/data/TrainDataset/masks/456.png
val,cju2ueb6j5ado0878vf5md13o,wysiwyr_real/data/TrainDataset/image/cju2ueb6j5ado0878vf5md13o.png,wysiwyr_real/data/TrainDataset/masks/cju2ueb6j5ado0878vf5md13o.png
val,cju1cnnziug1l0835yh4ropyg,wysiwyr_real/data/TrainDataset/image/cju1cnnziug1l0835yh4ropyg.png,wysiwyr_real/data/TrainDataset/masks/cju1cnnziug1l0835yh4ropyg.png
val,cju40sdwukv3k0755y99ug1k8,wysiwyr_real/data/TrainDataset/image/cju40sdwukv3k0755y99ug1k8.png,wysiwyr_real/data/TrainDataset/masks/cju40sdwukv3k0755y99ug1k8.png
val,cju7d7tly27h408016fyp5nr7,wysiwyr_real/data/TrainDataset/image/cju7d7tly27h408016fyp5nr7.png,wysiwyr_real/data/TrainDataset/masks/cju7d7tly27h408016fyp5nr7.png
val,597,wysiwyr_real/data/TrainDataset/image/597.png,wysiwyr_real/data/TrainDataset/masks/597.png
val,cju8ashhnquqr0801rwduzt7d,wysiwyr_real/data/TrainDataset/image/cju8ashhnquqr0801rwduzt7d.png,wysiwyr_real/data/TrainDataset/masks/cju8ashhnquqr0801rwduzt7d.png
val,331,wysiwyr_real/data/TrainDataset/image/331.png,wysiwyr_real/data/TrainDataset/masks/331.png
val,cju83yddek68q0850d2x7zfkm,wysiwyr_real/data/TrainDataset/image/cju83yddek68q0850d2x7zfkm.png,wysiwyr_real/data/TrainDataset/masks/cju83yddek68q0850d2x7zfkm.png
val,cju18gzrq18zw0878wbf4ftw6,wysiwyr_real/data/TrainDataset/image/cju18gzrq18zw0878wbf4ftw6.png,wysiwyr_real/data/TrainDataset/masks/cju18gzrq18zw0878wbf4ftw6.png
val,cju2nguelpmlj0835rojdn097,wysiwyr_real/data/TrainDataset/image/cju2nguelpmlj0835rojdn097.png,wysiwyr_real/data/TrainDataset/masks/cju2nguelpmlj0835rojdn097.png
val,17,wysiwyr_real/data/TrainDataset/image/17.png,wysiwyr_real/data/TrainDataset/masks/17.png
val,254,wysiwyr_real/data/TrainDataset/image/254.png,wysiwyr_real/data/TrainDataset/masks/254.png
val,cju5yjq1pmlgc0801z0t24bly,wysiwyr_real/data/TrainDataset/image/cju5yjq1pmlgc0801z0t24bly.png,wysiwyr_real/data/TrainDataset/masks/cju5yjq1pmlgc0801z0t24bly.png
val,cju5v8pgplg6k0755rvi2t63h,wysiwyr_real/data/TrainDataset/image/cju5v8pgplg6k0755rvi2t63h.png,wysiwyr_real/data/TrainDataset/masks/cju5v8pgplg6k0755rvi2t63h.png
val,233,wysiwyr_real/data/TrainDataset/image/233.png,wysiwyr_real/data/TrainDataset/masks/233.png
val,cju5cjh3xattc0817j2vbulzi,wysiwyr_real/data/TrainDataset/image/cju5cjh3xattc0817j2vbulzi.png,wysiwyr_real/data/TrainDataset/masks/cju5cjh3xattc0817j2vbulzi.png
val,cju5vwbr4lhqn0987a1pji0ux,wysiwyr_real/data/TrainDataset/image/cju5vwbr4lhqn0987a1pji0ux.png,wysiwyr_real/data/TrainDataset/masks/cju5vwbr4lhqn0987a1pji0ux.png
val,cju1egh885m1l0855ci1lt37c,wysiwyr_real/data/TrainDataset/image/cju1egh885m1l0855ci1lt37c.png,wysiwyr_real/data/TrainDataset/masks/cju1egh885m1l0855ci1lt37c.png
val,cju5uget8krjy0818kvywd0zu,wysiwyr_real/data/TrainDataset/image/cju5uget8krjy0818kvywd0zu.png,wysiwyr_real/data/TrainDataset/masks/cju5uget8krjy0818kvywd0zu.png
val,cju330ofbc2l30801th5g3hw6,wysiwyr_real/data/TrainDataset/image/cju330ofbc2l30801th5g3hw6.png,wysiwyr_real/data/TrainDataset/masks/cju330ofbc2l30801th5g3hw6.png
val,cju1ejj7dvqfa0835ra184v5m,wysiwyr_real/data/TrainDataset/image/cju1ejj7dvqfa0835ra184v5m.png,wysiwyr_real/data/TrainDataset/masks/cju1ejj7dvqfa0835ra184v5m.png
val,598,wysiwyr_real/data/TrainDataset/image/598.png,wysiwyr_real/data/TrainDataset/masks/598.png
val,cju43c92lm5cj0755lorsorfg,wysiwyr_real/data/TrainDataset/image/cju43c92lm5cj0755lorsorfg.png,wysiwyr_real/data/TrainDataset/masks/cju43c92lm5cj0755lorsorfg.png
val,348,wysiwyr_real/data/TrainDataset/image/348.png,wysiwyr_real/data/TrainDataset/masks/348.png
val,201,wysiwyr_real/data/TrainDataset/image/201.png,wysiwyr_real/data/TrainDataset/masks/201.png
val,cju888fr7nveu0818r9uwtiit,wysiwyr_real/data/TrainDataset/image/cju888fr7nveu0818r9uwtiit.png,wysiwyr_real/data/TrainDataset/masks/cju888fr7nveu0818r9uwtiit.png
val,cju8cwy02t9eq08185qn12c02,wysiwyr_real/data/TrainDataset/image/cju8cwy02t9eq08185qn12c02.png,wysiwyr_real/data/TrainDataset/masks/cju8cwy02t9eq08185qn12c02.png
val,452,wysiwyr_real/data/TrainDataset/image/452.png,wysiwyr_real/data/TrainDataset/masks/452.png
val,cju2nbdpmlmcj0993s1cht0dz,wysiwyr_real/data/TrainDataset/image/cju2nbdpmlmcj0993s1cht0dz.png,wysiwyr_real/data/TrainDataset/masks/cju2nbdpmlmcj0993s1cht0dz.png
val,cju7afqon1ip40850ue2308b6,wysiwyr_real/data/TrainDataset/image/cju7afqon1ip40850ue2308b6.png,wysiwyr_real/data/TrainDataset/masks/cju7afqon1ip40850ue2308b6.png
val,cju7d3oc82cho0755dajlwldz,wysiwyr_real/data/TrainDataset/image/cju7d3oc82cho0755dajlwldz.png,wysiwyr_real/data/TrainDataset/masks/cju7d3oc82cho0755dajlwldz.png
val,cju76erapykj30871x5eaxh4q,wysiwyr_real/data/TrainDataset/image/cju76erapykj30871x5eaxh4q.png,wysiwyr_real/data/TrainDataset/masks/cju76erapykj30871x5eaxh4q.png
val,cju1gghyjwxt80835vx0wgxw0,wysiwyr_real/data/TrainDataset/image/cju1gghyjwxt80835vx0wgxw0.png,wysiwyr_real/data/TrainDataset/masks/cju1gghyjwxt80835vx0wgxw0.png
val,143,wysiwyr_real/data/TrainDataset/image/143.png,wysiwyr_real/data/TrainDataset/masks/143.png
val,cju5vxuc5loxw0818u8xgf45p,wysiwyr_real/data/TrainDataset/image/cju5vxuc5loxw0818u8xgf45p.png,wysiwyr_real/data/TrainDataset/masks/cju5vxuc5loxw0818u8xgf45p.png
val,501,wysiwyr_real/data/TrainDataset/image/501.png,wysiwyr_real/data/TrainDataset/masks/501.png
val,544,wysiwyr_real/data/TrainDataset/image/544.png,wysiwyr_real/data/TrainDataset/masks/544.png
val,cju18849rrsgr0988p90hkygb,wysiwyr_real/data/TrainDataset/image/cju18849rrsgr0988p90hkygb.png,wysiwyr_real/data/TrainDataset/masks/cju18849rrsgr0988p90hkygb.png
val,cju2hdr06v2bq0799mbm3bks1,wysiwyr_real/data/TrainDataset/image/cju2hdr06v2bq0799mbm3bks1.png,wysiwyr_real/data/TrainDataset/masks/cju2hdr06v2bq0799mbm3bks1.png
val,363,wysiwyr_real/data/TrainDataset/image/363.png,wysiwyr_real/data/TrainDataset/masks/363.png
val,cju3v0fl3gwce0755qkjhzmd4,wysiwyr_real/data/TrainDataset/image/cju3v0fl3gwce0755qkjhzmd4.png,wysiwyr_real/data/TrainDataset/masks/cju3v0fl3gwce0755qkjhzmd4.png
val,291,wysiwyr_real/data/TrainDataset/image/291.png,wysiwyr_real/data/TrainDataset/masks/291.png
val,337,wysiwyr_real/data/TrainDataset/image/337.png,wysiwyr_real/data/TrainDataset/masks/337.png
val,cju5vutu7ll8w0871dfp92n9p,wysiwyr_real/data/TrainDataset/image/cju5vutu7ll8w0871dfp92n9p.png,wysiwyr_real/data/TrainDataset/masks/cju5vutu7ll8w0871dfp92n9p.png
val,cju3521y5d5mq0878t3ezsu4p,wysiwyr_real/data/TrainDataset/image/cju3521y5d5mq0878t3ezsu4p.png,wysiwyr_real/data/TrainDataset/masks/cju3521y5d5mq0878t3ezsu4p.png
val,cju17r8il13910799dr2wme2e,wysiwyr_real/data/TrainDataset/image/cju17r8il13910799dr2wme2e.png,wysiwyr_real/data/TrainDataset/masks/cju17r8il13910799dr2wme2e.png
val,cju2otvvv0l7z0855x7we8cb0,wysiwyr_real/data/TrainDataset/image/cju2otvvv0l7z0855x7we8cb0.png,wysiwyr_real/data/TrainDataset/masks/cju2otvvv0l7z0855x7we8cb0.png
val,cju30u1hbakn808019g15nb8b,wysiwyr_real/data/TrainDataset/image/cju30u1hbakn808019g15nb8b.png,wysiwyr_real/data/TrainDataset/masks/cju30u1hbakn808019g15nb8b.png
val,cju8b3ka8r64u0801fh18hk7l,wysiwyr_real/data/TrainDataset/image/cju8b3ka8r64u0801fh18hk7l.png,wysiwyr_real/data/TrainDataset/masks/cju8b3ka8r64u0801fh18hk7l.png
val,340,wysiwyr_real/data/TrainDataset/image/340.png,wysiwyr_real/data/TrainDataset/masks/340.png
val,250,wysiwyr_real/data/TrainDataset/image/250.png,wysiwyr_real/data/TrainDataset/masks/250.png
val,584,wysiwyr_real/data/TrainDataset/image/584.png,wysiwyr_real/data/TrainDataset/masks/584.png
val,187,wysiwyr_real/data/TrainDataset/image/187.png,wysiwyr_real/data/TrainDataset/masks/187.png
val,cjyzkmjy8evns070165gf9dmq,wysiwyr_real/data/TrainDataset/image/cjyzkmjy8evns070165gf9dmq.png,wysiwyr_real/data/TrainDataset/masks/cjyzkmjy8evns070165gf9dmq.png
val,cju31y80qbawn0801twwm2l5s,wysiwyr_real/data/TrainDataset/image/cju31y80qbawn0801twwm2l5s.png,wysiwyr_real/data/TrainDataset/masks/cju31y80qbawn0801twwm2l5s.png
val,299,wysiwyr_real/data/TrainDataset/image/299.png,wysiwyr_real/data/TrainDataset/masks/299.png
val,cju5g163vd6mt0817uccuga6u,wysiwyr_real/data/TrainDataset/image/cju5g163vd6mt0817uccuga6u.png,wysiwyr_real/data/TrainDataset/masks/cju5g163vd6mt0817uccuga6u.png
val,506,wysiwyr_real/data/TrainDataset/image/506.png,wysiwyr_real/data/TrainDataset/masks/506.png
val,272,wysiwyr_real/data/TrainDataset/image/272.png,wysiwyr_real/data/TrainDataset/masks/272.png
val,cju8cgi2kspp308011nxdtjp6,wysiwyr_real/data/TrainDataset/image/cju8cgi2kspp308011nxdtjp6.png,wysiwyr_real/data/TrainDataset/masks/cju8cgi2kspp308011nxdtjp6.png
val,cjyztzaqtrv430848l8xgcerw,wysiwyr_real/data/TrainDataset/image/cjyztzaqtrv430848l8xgcerw.png,wysiwyr_real/data/TrainDataset/masks/cjyztzaqtrv430848l8xgcerw.png
val,503,wysiwyr_real/data/TrainDataset/image/503.png,wysiwyr_real/data/TrainDataset/masks/503.png
val,cju77re6fz5bb0817vp9redjg,wysiwyr_real/data/TrainDataset/image/cju77re6fz5bb0817vp9redjg.png,wysiwyr_real/data/TrainDataset/masks/cju77re6fz5bb0817vp9redjg.png
val,cju8bqxxurs6i0850mu7mtef9,wysiwyr_real/data/TrainDataset/image/cju8bqxxurs6i0850mu7mtef9.png,wysiwyr_real/data/TrainDataset/masks/cju8bqxxurs6i0850mu7mtef9.png
val,cju5hl8nee8a40755fm8qjj0o,wysiwyr_real/data/TrainDataset/image/cju5hl8nee8a40755fm8qjj0o.png,wysiwyr_real/data/TrainDataset/masks/cju5hl8nee8a40755fm8qjj0o.png
val,cju1egx9pvz2n0988eoy8jp23,wysiwyr_real/data/TrainDataset/image/cju1egx9pvz2n0988eoy8jp23.png,wysiwyr_real/data/TrainDataset/masks/cju1egx9pvz2n0988eoy8jp23.png
val,cju3xtufwiv9c0818djsc4cqd,wysiwyr_real/data/TrainDataset/image/cju3xtufwiv9c0818djsc4cqd.png,wysiwyr_real/data/TrainDataset/masks/cju3xtufwiv9c0818djsc4cqd.png
val,cju7eea9b2m0z0801ynqv1fqu,wysiwyr_real/data/TrainDataset/image/cju7eea9b2m0z0801ynqv1fqu.png,wysiwyr_real/data/TrainDataset/masks/cju7eea9b2m0z0801ynqv1fqu.png
val,cjyzufihqquiw0a46jatrbwln,wysiwyr_real/data/TrainDataset/image/cjyzufihqquiw0a46jatrbwln.png,wysiwyr_real/data/TrainDataset/masks/cjyzufihqquiw0a46jatrbwln.png
val,cju8c6hnxsdvr0801wn0vrsa6,wysiwyr_real/data/TrainDataset/image/cju8c6hnxsdvr0801wn0vrsa6.png,wysiwyr_real/data/TrainDataset/masks/cju8c6hnxsdvr0801wn0vrsa6.png
val,cju6z600qwh4z081700qimgl9,wysiwyr_real/data/TrainDataset/image/cju6z600qwh4z081700qimgl9.png,wysiwyr_real/data/TrainDataset/masks/cju6z600qwh4z081700qimgl9.png
val,cju13fwthn9mq0835gacxgy01,wysiwyr_real/data/TrainDataset/image/cju13fwthn9mq0835gacxgy01.png,wysiwyr_real/data/TrainDataset/masks/cju13fwthn9mq0835gacxgy01.png
val,cju6ut4l8va6y0755tyw3vfqq,wysiwyr_real/data/TrainDataset/image/cju6ut4l8va6y0755tyw3vfqq.png,wysiwyr_real/data/TrainDataset/masks/cju6ut4l8va6y0755tyw3vfqq.png
val,cju8ayeq7r1fb0818z1junacy,wysiwyr_real/data/TrainDataset/image/cju8ayeq7r1fb0818z1junacy.png,wysiwyr_real/data/TrainDataset/masks/cju8ayeq7r1fb0818z1junacy.png
val,cju2rxm8rpbaf0993o3qr2oph,wysiwyr_real/data/TrainDataset/image/cju2rxm8rpbaf0993o3qr2oph.png,wysiwyr_real/data/TrainDataset/masks/cju2rxm8rpbaf0993o3qr2oph.png
val,377,wysiwyr_real/data/TrainDataset/image/377.png,wysiwyr_real/data/TrainDataset/masks/377.png
val,cju32fhnhbds40799broyoptc,wysiwyr_real/data/TrainDataset/image/cju32fhnhbds40799broyoptc.png,wysiwyr_real/data/TrainDataset/masks/cju32fhnhbds40799broyoptc.png
val,cju884985nlmx0817vzpax3y4,wysiwyr_real/data/TrainDataset/image/cju884985nlmx0817vzpax3y4.png,wysiwyr_real/data/TrainDataset/masks/cju884985nlmx0817vzpax3y4.png
val,577,wysiwyr_real/data/TrainDataset/image/577.png,wysiwyr_real/data/TrainDataset/masks/577.png
val,cju2tpfa5uyx408359datxqqj,wysiwyr_real/data/TrainDataset/image/cju2tpfa5uyx408359datxqqj.png,wysiwyr_real/data/TrainDataset/masks/cju2tpfa5uyx408359datxqqj.png
val,424,wysiwyr_real/data/TrainDataset/image/424.png,wysiwyr_real/data/TrainDataset/masks/424.png
val,cju2i3hzclw3o0988rrgh911i,wysiwyr_real/data/TrainDataset/image/cju2i3hzclw3o0988rrgh911i.png,wysiwyr_real/data/TrainDataset/masks/cju2i3hzclw3o0988rrgh911i.png
val,122,wysiwyr_real/data/TrainDataset/image/122.png,wysiwyr_real/data/TrainDataset/masks/122.png
val,585,wysiwyr_real/data/TrainDataset/image/585.png,wysiwyr_real/data/TrainDataset/masks/585.png
val,cju84ih17kp5l09876bkooocl,wysiwyr_real/data/TrainDataset/image/cju84ih17kp5l09876bkooocl.png,wysiwyr_real/data/TrainDataset/masks/cju84ih17kp5l09876bkooocl.png
val,cju83k8fyjsxr0817d6nxs6r4,wysiwyr_real/data/TrainDataset/image/cju83k8fyjsxr0817d6nxs6r4.png,wysiwyr_real/data/TrainDataset/masks/cju83k8fyjsxr0817d6nxs6r4.png
val,308,wysiwyr_real/data/TrainDataset/image/308.png,wysiwyr_real/data/TrainDataset/masks/308.png
val,202,wysiwyr_real/data/TrainDataset/image/202.png,wysiwyr_real/data/TrainDataset/masks/202.png
val,294,wysiwyr_real/data/TrainDataset/image/294.png,wysiwyr_real/data/TrainDataset/masks/294.png
val,cju2y26c588bo07993ksd8eoz,wysiwyr_real/data/TrainDataset/image/cju2y26c588bo07993ksd8eoz.png,wysiwyr_real/data/TrainDataset/masks/cju2y26c588bo07993ksd8eoz.png
val,cju5waeduln160817w0agirve,wysiwyr_real/data/TrainDataset/image/cju5waeduln160817w0agirve.png,wysiwyr_real/data/TrainDataset/masks/cju5waeduln160817w0agirve.png
val,cju306x7w05nb0835cunv799x,wysiwyr_real/data/TrainDataset/image/cju306x7w05nb0835cunv799x.png,wysiwyr_real/data/TrainDataset/masks/cju306x7w05nb0835cunv799x.png
val,cju2zy1e49pqk0878t6ncqn12,wysiwyr_real/data/TrainDataset/image/cju2zy1e49pqk0878t6ncqn12.png,wysiwyr_real/data/TrainDataset/masks/cju2zy1e49pqk0878t6ncqn12.png
val,cju2rz4k434s70855wwx3ddtx,wysiwyr_real/data/TrainDataset/image/cju2rz4k434s70855wwx3ddtx.png,wysiwyr_real/data/TrainDataset/masks/cju2rz4k434s70855wwx3ddtx.png
val,cju7dtb1e2j0t0818deq51ib3,wysiwyr_real/data/TrainDataset/image/cju7dtb1e2j0t0818deq51ib3.png,wysiwyr_real/data/TrainDataset/masks/cju7dtb1e2j0t0818deq51ib3.png
val,172,wysiwyr_real/data/TrainDataset/image/172.png,wysiwyr_real/data/TrainDataset/masks/172.png
val,222,wysiwyr_real/data/TrainDataset/image/222.png,wysiwyr_real/data/TrainDataset/masks/222.png
val,cju357rxxdaz30878y2esjpjt,wysiwyr_real/data/TrainDataset/image/cju357rxxdaz30878y2esjpjt.png,wysiwyr_real/data/TrainDataset/masks/cju357rxxdaz30878y2esjpjt.png
val,cju87r56lnkyp0755hz30leew,wysiwyr_real/data/TrainDataset/image/cju87r56lnkyp0755hz30leew.png,wysiwyr_real/data/TrainDataset/masks/cju87r56lnkyp0755hz30leew.png
val,cju887ftknop008177nnjt46y,wysiwyr_real/data/TrainDataset/image/cju887ftknop008177nnjt46y.png,wysiwyr_real/data/TrainDataset/masks/cju887ftknop008177nnjt46y.png
val,87,wysiwyr_real/data/TrainDataset/image/87.png,wysiwyr_real/data/TrainDataset/masks/87.png
val,cju7ezs7g2mxm098787atbran,wysiwyr_real/data/TrainDataset/image/cju7ezs7g2mxm098787atbran.png,wysiwyr_real/data/TrainDataset/masks/cju7ezs7g2mxm098787atbran.png
val,cju8bgdmqrksy0801tozdmraa,wysiwyr_real/data/TrainDataset/image/cju8bgdmqrksy0801tozdmraa.png,wysiwyr_real/data/TrainDataset/masks/cju8bgdmqrksy0801tozdmraa.png
val,475,wysiwyr_real/data/TrainDataset/image/475.png,wysiwyr_real/data/TrainDataset/masks/475.png
val,cju1dq3x1vgx109889c7wyirg,wysiwyr_real/data/TrainDataset/image/cju1dq3x1vgx109889c7wyirg.png,wysiwyr_real/data/TrainDataset/masks/cju1dq3x1vgx109889c7wyirg.png
val,454,wysiwyr_real/data/TrainDataset/image/454.png,wysiwyr_real/data/TrainDataset/masks/454.png
val,cju5ddda9bkkt0850enzwatb1,wysiwyr_real/data/TrainDataset/image/cju5ddda9bkkt0850enzwatb1.png,wysiwyr_real/data/TrainDataset/masks/cju5ddda9bkkt0850enzwatb1.png
val,402,wysiwyr_real/data/TrainDataset/image/402.png,wysiwyr_real/data/TrainDataset/masks/402.png
val,cju2x7vw87mu30878hye2ca0m,wysiwyr_real/data/TrainDataset/image/cju2x7vw87mu30878hye2ca0m.png,wysiwyr_real/data/TrainDataset/masks/cju2x7vw87mu30878hye2ca0m.png
val,cju2wx0gh7fpz0878wwyd9ep8,wysiwyr_real/data/TrainDataset/image/cju2wx0gh7fpz0878wwyd9ep8.png,wysiwyr_real/data/TrainDataset/masks/cju2wx0gh7fpz0878wwyd9ep8.png
val,cju3y9difj6th0801kd1rqm3w,wysiwyr_real/data/TrainDataset/image/cju3y9difj6th0801kd1rqm3w.png,wysiwyr_real/data/TrainDataset/masks/cju3y9difj6th0801kd1rqm3w.png
val,335,wysiwyr_real/data/TrainDataset/image/335.png,wysiwyr_real/data/TrainDataset/masks/335.png
val,cju88gx09o2vk0818610zody3,wysiwyr_real/data/TrainDataset/image/cju88gx09o2vk0818610zody3.png,wysiwyr_real/data/TrainDataset/masks/cju88gx09o2vk0818610zody3.png
val,cju40u30gkuzc0871rq7t666d,wysiwyr_real/data/TrainDataset/image/cju40u30gkuzc0871rq7t666d.png,wysiwyr_real/data/TrainDataset/masks/cju40u30gkuzc0871rq7t666d.png
val,cju2htabevq9108015qjei0x7,wysiwyr_real/data/TrainDataset/image/cju2htabevq9108015qjei0x7.png,wysiwyr_real/data/TrainDataset/masks/cju2htabevq9108015qjei0x7.png
val,cju5uxjnol2r509871qv2yeia,wysiwyr_real/data/TrainDataset/image/cju5uxjnol2r509871qv2yeia.png,wysiwyr_real/data/TrainDataset/masks/cju5uxjnol2r509871qv2yeia.png
val,cju77vvcwzcm50850lzoykuva,wysiwyr_real/data/TrainDataset/image/cju77vvcwzcm50850lzoykuva.png,wysiwyr_real/data/TrainDataset/masks/cju77vvcwzcm50850lzoykuva.png
val,cju2zgbj9zmrw0835nnlzxj4c,wysiwyr_real/data/TrainDataset/image/cju2zgbj9zmrw0835nnlzxj4c.png,wysiwyr_real/data/TrainDataset/masks/cju2zgbj9zmrw0835nnlzxj4c.png
val,cju2hlm19vjjf0801o69qnber,wysiwyr_real/data/TrainDataset/image/cju2hlm19vjjf0801o69qnber.png,wysiwyr_real/data/TrainDataset/masks/cju2hlm19vjjf0801o69qnber.png
val,343,wysiwyr_real/data/TrainDataset/image/343.png,wysiwyr_real/data/TrainDataset/masks/343.png
val,cju1gv7106qd008784gk603mg,wysiwyr_real/data/TrainDataset/image/cju1gv7106qd008784gk603mg.png,wysiwyr_real/data/TrainDataset/masks/cju1gv7106qd008784gk603mg.png
val,553,wysiwyr_real/data/TrainDataset/image/553.png,wysiwyr_real/data/TrainDataset/masks/553.png
val,509,wysiwyr_real/data/TrainDataset/image/509.png,wysiwyr_real/data/TrainDataset/masks/509.png
val,247,wysiwyr_real/data/TrainDataset/image/247.png,wysiwyr_real/data/TrainDataset/masks/247.png
val,391,wysiwyr_real/data/TrainDataset/image/391.png,wysiwyr_real/data/TrainDataset/masks/391.png
val,cju43lcnum9y10755bjs7z87f,wysiwyr_real/data/TrainDataset/image/cju43lcnum9y10755bjs7z87f.png,wysiwyr_real/data/TrainDataset/masks/cju43lcnum9y10755bjs7z87f.png
val,cju3ul8dogf1z09872y2ecowp,wysiwyr_real/data/TrainDataset/image/cju3ul8dogf1z09872y2ecowp.png,wysiwyr_real/data/TrainDataset/masks/cju3ul8dogf1z09872y2ecowp.png
val,322,wysiwyr_real/data/TrainDataset/image/322.png,wysiwyr_real/data/TrainDataset/masks/322.png
val,cju8czvnztbf40871b4m7t78w,wysiwyr_real/data/TrainDataset/image/cju8czvnztbf40871b4m7t78w.png,wysiwyr_real/data/TrainDataset/masks/cju8czvnztbf40871b4m7t78w.png
val,cju2iatlki5u309930zmgkv6h,wysiwyr_real/data/TrainDataset/image/cju2iatlki5u309930zmgkv6h.png,wysiwyr_real/data/TrainDataset/masks/cju2iatlki5u309930zmgkv6h.png
val,cju2xa3i4y0160988i679zsqd,wysiwyr_real/data/TrainDataset/image/cju2xa3i4y0160988i679zsqd.png,wysiwyr_real/data/TrainDataset/masks/cju2xa3i4y0160988i679zsqd.png
val,10,wysiwyr_real/data/TrainDataset/image/10.png,wysiwyr_real/data/TrainDataset/masks/10.png
val,cju87z6o6nh73085045bzsx6o,wysiwyr_real/data/TrainDataset/image/cju87z6o6nh73085045bzsx6o.png,wysiwyr_real/data/TrainDataset/masks/cju87z6o6nh73085045bzsx6o.png
val,277,wysiwyr_real/data/TrainDataset/image/277.png,wysiwyr_real/data/TrainDataset/masks/277.png
val,603,wysiwyr_real/data/TrainDataset/image/603.png,wysiwyr_real/data/TrainDataset/masks/603.png
val,95,wysiwyr_real/data/TrainDataset/image/95.png,wysiwyr_real/data/TrainDataset/masks/95.png
val,489,wysiwyr_real/data/TrainDataset/image/489.png,wysiwyr_real/data/TrainDataset/masks/489.png
val,248,wysiwyr_real/data/TrainDataset/image/248.png,wysiwyr_real/data/TrainDataset/masks/248.png
val,cju43gfosm63n08714rpih8pe,wysiwyr_real/data/TrainDataset/image/cju43gfosm63n08714rpih8pe.png,wysiwyr_real/data/TrainDataset/masks/cju43gfosm63n08714rpih8pe.png
val,259,wysiwyr_real/data/TrainDataset/image/259.png,wysiwyr_real/data/TrainDataset/masks/259.png
val,360,wysiwyr_real/data/TrainDataset/image/360.png,wysiwyr_real/data/TrainDataset/masks/360.png
val,554,wysiwyr_real/data/TrainDataset/image/554.png,wysiwyr_real/data/TrainDataset/masks/554.png
val,cju7bb3ss1uoo0755pmhyco7t,wysiwyr_real/data/TrainDataset/image/cju7bb3ss1uoo0755pmhyco7t.png,wysiwyr_real/data/TrainDataset/masks/cju7bb3ss1uoo0755pmhyco7t.png
val,440,wysiwyr_real/data/TrainDataset/image/440.png,wysiwyr_real/data/TrainDataset/masks/440.png
val,cju8aeei7q8k308173n9y4klv,wysiwyr_real/data/TrainDataset/image/cju8aeei7q8k308173n9y4klv.png,wysiwyr_real/data/TrainDataset/masks/cju8aeei7q8k308173n9y4klv.png
val,cju6z2616wqbk07555bvnuyr1,wysiwyr_real/data/TrainDataset/image/cju6z2616wqbk07555bvnuyr1.png,wysiwyr_real/data/TrainDataset/masks/cju6z2616wqbk07555bvnuyr1.png
val,cju2i6acqvo6l0799u20fift8,wysiwyr_real/data/TrainDataset/image/cju2i6acqvo6l0799u20fift8.png,wysiwyr_real/data/TrainDataset/masks/cju2i6acqvo6l0799u20fift8.png
val,cju8bssulrrcy0987h1vq5060,wysiwyr_real/data/TrainDataset/image/cju8bssulrrcy0987h1vq5060.png,wysiwyr_real/data/TrainDataset/masks/cju8bssulrrcy0987h1vq5060.png
val,cju2srvy5440s0801y1ba9akr,wysiwyr_real/data/TrainDataset/image/cju2srvy5440s0801y1ba9akr.png,wysiwyr_real/data/TrainDataset/masks/cju2srvy5440s0801y1ba9akr.png
val,cju1fuoa4wmc50835qfd11sp9,wysiwyr_real/data/TrainDataset/image/cju1fuoa4wmc50835qfd11sp9.png,wysiwyr_real/data/TrainDataset/masks/cju1fuoa4wmc50835qfd11sp9.png
val,cju8b542nr81x0871uxnkm9ih,wysiwyr_real/data/TrainDataset/image/cju8b542nr81x0871uxnkm9ih.png,wysiwyr_real/data/TrainDataset/masks/cju8b542nr81x0871uxnkm9ih.png
val,cju7dmlgf2ebw0871ieqas5fh,wysiwyr_real/data/TrainDataset/image/cju7dmlgf2ebw0871ieqas5fh.png,wysiwyr_real/data/TrainDataset/masks/cju7dmlgf2ebw0871ieqas5fh.png
val,472,wysiwyr_real/data/TrainDataset/image/472.png,wysiwyr_real/data/TrainDataset/masks/472.png
val,507,wysiwyr_real/data/TrainDataset/image/507.png,wysiwyr_real/data/TrainDataset/masks/507.png
val,cju8ando2qqdo0818ck7i1be1,wysiwyr_real/data/TrainDataset/image/cju8ando2qqdo0818ck7i1be1.png,wysiwyr_real/data/TrainDataset/masks/cju8ando2qqdo0818ck7i1be1.png
val,cju1ats0y372e08011yazcsxm,wysiwyr_real/data/TrainDataset/image/cju1ats0y372e08011yazcsxm.png,wysiwyr_real/data/TrainDataset/masks/cju1ats0y372e08011yazcsxm.png
val,cju334jzo261t0835yqudnfs1,wysiwyr_real/data/TrainDataset/image/cju334jzo261t0835yqudnfs1.png,wysiwyr_real/data/TrainDataset/masks/cju334jzo261t0835yqudnfs1.png
val,246,wysiwyr_real/data/TrainDataset/image/246.png,wysiwyr_real/data/TrainDataset/masks/246.png
val,cju5wcc90lu020850mjrxppv6,wysiwyr_real/data/TrainDataset/image/cju5wcc90lu020850mjrxppv6.png,wysiwyr_real/data/TrainDataset/masks/cju5wcc90lu020850mjrxppv6.png
val,75,wysiwyr_real/data/TrainDataset/image/75.png,wysiwyr_real/data/TrainDataset/masks/75.png
val,392,wysiwyr_real/data/TrainDataset/image/392.png,wysiwyr_real/data/TrainDataset/masks/392.png
val,293,wysiwyr_real/data/TrainDataset/image/293.png,wysiwyr_real/data/TrainDataset/masks/293.png
val,cju5ukkg6kv7u08011x2b6zl5,wysiwyr_real/data/TrainDataset/image/cju5ukkg6kv7u08011x2b6zl5.png,wysiwyr_real/data/TrainDataset/masks/cju5ukkg6kv7u08011x2b6zl5.png
val,cju77afzlz3kp07550x5nafzs,wysiwyr_real/data/TrainDataset/image/cju77afzlz3kp07550x5nafzs.png,wysiwyr_real/data/TrainDataset/masks/cju77afzlz3kp07550x5nafzs.png
val,cju41r6v2lcww0871ps8k8pf5,wysiwyr_real/data/TrainDataset/image/cju41r6v2lcww0871ps8k8pf5.png,wysiwyr_real/data/TrainDataset/masks/cju41r6v2lcww0871ps8k8pf5.png
val,cju3381d8bz3h07991xtl7ra0,wysiwyr_real/data/TrainDataset/image/cju3381d8bz3h07991xtl7ra0.png,wysiwyr_real/data/TrainDataset/masks/cju3381d8bz3h07991xtl7ra0.png
val,cju7fmvpk2q170987v6i3ola8,wysiwyr_real/data/TrainDataset/image/cju7fmvpk2q170987v6i3ola8.png,wysiwyr_real/data/TrainDataset/masks/cju7fmvpk2q170987v6i3ola8.png
val,390,wysiwyr_real/data/TrainDataset/image/390.png,wysiwyr_real/data/TrainDataset/masks/390.png
val,cju8bw697rwg308177tg8huas,wysiwyr_real/data/TrainDataset/image/cju8bw697rwg308177tg8huas.png,wysiwyr_real/data/TrainDataset/masks/cju8bw697rwg308177tg8huas.png
val,228,wysiwyr_real/data/TrainDataset/image/228.png,wysiwyr_real/data/TrainDataset/masks/228.png
val,cju83h9ysjwe808716nt35oah,wysiwyr_real/data/TrainDataset/image/cju83h9ysjwe808716nt35oah.png,wysiwyr_real/data/TrainDataset/masks/cju83h9ysjwe808716nt35oah.png
val,267,wysiwyr_real/data/TrainDataset/image/267.png,wysiwyr_real/data/TrainDataset/masks/267.png
val,282,wysiwyr_real/data/TrainDataset/image/282.png,wysiwyr_real/data/TrainDataset/masks/282.png
val,cju8828oxnool0801qno9luhr,wysiwyr_real/data/TrainDataset/image/cju8828oxnool0801qno9luhr.png,wysiwyr_real/data/TrainDataset/masks/cju8828oxnool0801qno9luhr.png
val,420,wysiwyr_real/data/TrainDataset/image/420.png,wysiwyr_real/data/TrainDataset/masks/420.png
val,444,wysiwyr_real/data/TrainDataset/image/444.png,wysiwyr_real/data/TrainDataset/masks/444.png
val,458,wysiwyr_real/data/TrainDataset/image/458.png,wysiwyr_real/data/TrainDataset/masks/458.png
val,cju5ca9hcatkc0801jzwe7tfx,wysiwyr_real/data/TrainDataset/image/cju5ca9hcatkc0801jzwe7tfx.png,wysiwyr_real/data/TrainDataset/masks/cju5ca9hcatkc0801jzwe7tfx.png
val,cju2tjrog4jy30878pawyazqc,wysiwyr_real/data/TrainDataset/image/cju2tjrog4jy30878pawyazqc.png,wysiwyr_real/data/TrainDataset/masks/cju2tjrog4jy30878pawyazqc.png
val,236,wysiwyr_real/data/TrainDataset/image/236.png,wysiwyr_real/data/TrainDataset/masks/236.png
val,cju8bj2ssrmlm0871gc2ug2rs,wysiwyr_real/data/TrainDataset/image/cju8bj2ssrmlm0871gc2ug2rs.png,wysiwyr_real/data/TrainDataset/masks/cju8bj2ssrmlm0871gc2ug2rs.png
val,cju1expq45zst0855rjqwwj4m,wysiwyr_real/data/TrainDataset/image/cju1expq45zst0855rjqwwj4m.png,wysiwyr_real/data/TrainDataset/masks/cju1expq45zst0855rjqwwj4m.png
val,572,wysiwyr_real/data/TrainDataset/image/572.png,wysiwyr_real/data/TrainDataset/masks/572.png
val,309,wysiwyr_real/data/TrainDataset/image/309.png,wysiwyr_real/data/TrainDataset/masks/309.png
val,332,wysiwyr_real/data/TrainDataset/image/332.png,wysiwyr_real/data/TrainDataset/masks/332.png
val,cju87vqa0ndwg0850onjdz7ol,wysiwyr_real/data/TrainDataset/image/cju87vqa0ndwg0850onjdz7ol.png,wysiwyr_real/data/TrainDataset/masks/cju87vqa0ndwg0850onjdz7ol.png
val,cju8ca4geseia0850i2ru11hw,wysiwyr_real/data/TrainDataset/image/cju8ca4geseia0850i2ru11hw.png,wysiwyr_real/data/TrainDataset/masks/cju8ca4geseia0850i2ru11hw.png
val,574,wysiwyr_real/data/TrainDataset/image/574.png,wysiwyr_real/data/TrainDataset/masks/574.png
val,528,wysiwyr_real/data/TrainDataset/image/528.png,wysiwyr_real/data/TrainDataset/masks/528.png
val,455,wysiwyr_real/data/TrainDataset/image/455.png,wysiwyr_real/data/TrainDataset/masks/455.png
val,cju5ymyd8mmdc0801ry3by1xr,wysiwyr_real/data/TrainDataset/image/cju5ymyd8mmdc0801ry3by1xr.png,wysiwyr_real/data/TrainDataset/masks/cju5ymyd8mmdc0801ry3by1xr.png
val,cju2s2527pfyr0993l3h1149a,wysiwyr_real/data/TrainDataset/image/cju2s2527pfyr0993l3h1149a.png,wysiwyr_real/data/TrainDataset/masks/cju2s2527pfyr0993l3h1149a.png
val,cju8432cmkgq90871cxe4iptl,wysiwyr_real/data/TrainDataset/image/cju8432cmkgq90871cxe4iptl.png,wysiwyr_real/data/TrainDataset/masks/cju8432cmkgq90871cxe4iptl.png
val,161,wysiwyr_real/data/TrainDataset/image/161.png,wysiwyr_real/data/TrainDataset/masks/161.png
val,cju1dnz61vfp40988e78bkjga,wysiwyr_real/data/TrainDataset/image/cju1dnz61vfp40988e78bkjga.png,wysiwyr_real/data/TrainDataset/masks/cju1dnz61vfp40988e78bkjga.png
val,362,wysiwyr_real/data/TrainDataset/image/362.png,wysiwyr_real/data/TrainDataset/masks/362.png
val,cju7ahtkb1jr90801jck4kbds,wysiwyr_real/data/TrainDataset/image/cju7ahtkb1jr90801jck4kbds.png,wysiwyr_real/data/TrainDataset/masks/cju7ahtkb1jr90801jck4kbds.png
val,226,wysiwyr_real/data/TrainDataset/image/226.png,wysiwyr_real/data/TrainDataset/masks/226.png
val,379,wysiwyr_real/data/TrainDataset/image/379.png,wysiwyr_real/data/TrainDataset/masks/379.png
val,cju84jdl9kv0i0871eog9b3i9,wysiwyr_real/data/TrainDataset/image/cju84jdl9kv0i0871eog9b3i9.png,wysiwyr_real/data/TrainDataset/masks/cju84jdl9kv0i0871eog9b3i9.png
val,cju7aqkue1i2k09879uzcpt8r,wysiwyr_real/data/TrainDataset/image/cju7aqkue1i2k09879uzcpt8r.png,wysiwyr_real/data/TrainDataset/masks/cju7aqkue1i2k09879uzcpt8r.png
val,cju6wjm81vgsc0987enk9n3pr,wysiwyr_real/data/TrainDataset/image/cju6wjm81vgsc0987enk9n3pr.png,wysiwyr_real/data/TrainDataset/masks/cju6wjm81vgsc0987enk9n3pr.png
val,cju5ccpvqash50850kb4bs22k,wysiwyr_real/data/TrainDataset/image/cju5ccpvqash50850kb4bs22k.png,wysiwyr_real/data/TrainDataset/masks/cju5ccpvqash50850kb4bs22k.png
val,cju40w3hbkwpn08015rbs3wko,wysiwyr_real/data/TrainDataset/image/cju40w3hbkwpn08015rbs3wko.png,wysiwyr_real/data/TrainDataset/masks/cju40w3hbkwpn08015rbs3wko.png
val,549,wysiwyr_real/data/TrainDataset/image/549.png,wysiwyr_real/data/TrainDataset/masks/549.png
val,cju32zhbnc1oy0801iyv1ix6p,wysiwyr_real/data/TrainDataset/image/cju32zhbnc1oy0801iyv1ix6p.png,wysiwyr_real/data/TrainDataset/masks/cju32zhbnc1oy0801iyv1ix6p.png
val,cju5bwhapakm90987c1v4z46a,wysiwyr_real/data/TrainDataset/image/cju5bwhapakm90987c1v4z46a.png,wysiwyr_real/data/TrainDataset/masks/cju5bwhapakm90987c1v4z46a.png
val,cju85rkbnlo1c08503uxcpax1,wysiwyr_real/data/TrainDataset/image/cju85rkbnlo1c08503uxcpax1.png,wysiwyr_real/data/TrainDataset/masks/cju85rkbnlo1c08503uxcpax1.png
val,cju85a8h8llwm07559wxg4t5w,wysiwyr_real/data/TrainDataset/image/cju85a8h8llwm07559wxg4t5w.png,wysiwyr_real/data/TrainDataset/masks/cju85a8h8llwm07559wxg4t5w.png
val,23,wysiwyr_real/data/TrainDataset/image/23.png,wysiwyr_real/data/TrainDataset/masks/23.png
val,cju7efffp2ivf0817etg3jehl,wysiwyr_real/data/TrainDataset/image/cju7efffp2ivf0817etg3jehl.png,wysiwyr_real/data/TrainDataset/masks/cju7efffp2ivf0817etg3jehl.png
val,338,wysiwyr_real/data/TrainDataset/image/338.png,wysiwyr_real/data/TrainDataset/masks/338.png
val,203,wysiwyr_real/data/TrainDataset/image/203.png,wysiwyr_real/data/TrainDataset/masks/203.png
val,cju7f5ghb2r5s0801chwkxxh9,wysiwyr_real/data/TrainDataset/image/cju7f5ghb2r5s0801chwkxxh9.png,wysiwyr_real/data/TrainDataset/masks/cju7f5ghb2r5s0801chwkxxh9.png
val,cju5enq1tcn1i0755hnkon787,wysiwyr_real/data/TrainDataset/image/cju5enq1tcn1i0755hnkon787.png,wysiwyr_real/data/TrainDataset/masks/cju5enq1tcn1i0755hnkon787.png
val,cju336l68y7if0993wf092166,wysiwyr_real/data/TrainDataset/image/cju336l68y7if0993wf092166.png,wysiwyr_real/data/TrainDataset/masks/cju336l68y7if0993wf092166.png
val,cju7bduyq1rjf08719giru9ho,wysiwyr_real/data/TrainDataset/image/cju7bduyq1rjf08719giru9ho.png,wysiwyr_real/data/TrainDataset/masks/cju7bduyq1rjf08719giru9ho.png
val,342,wysiwyr_real/data/TrainDataset/image/342.png,wysiwyr_real/data/TrainDataset/masks/342.png
val,cju8c5223s8j80850b4kealt4,wysiwyr_real/data/TrainDataset/image/cju8c5223s8j80850b4kealt4.png,wysiwyr_real/data/TrainDataset/masks/cju8c5223s8j80850b4kealt4.png
val,486,wysiwyr_real/data/TrainDataset/image/486.png,wysiwyr_real/data/TrainDataset/masks/486.png
val,cju5jx7jzf7c90871c2i9aiov,wysiwyr_real/data/TrainDataset/image/cju5jx7jzf7c90871c2i9aiov.png,wysiwyr_real/data/TrainDataset/masks/cju5jx7jzf7c90871c2i9aiov.png
val,cju30ov1oah920801mi8thuyg,wysiwyr_real/data/TrainDataset/image/cju30ov1oah920801mi8thuyg.png,wysiwyr_real/data/TrainDataset/masks/cju30ov1oah920801mi8thuyg.png
val,cju7ez7r22qbc08015xfoz2wb,wysiwyr_real/data/TrainDataset/image/cju7ez7r22qbc08015xfoz2wb.png,wysiwyr_real/data/TrainDataset/masks/cju7ez7r22qbc08015xfoz2wb.png
val,1,wysiwyr_real/data/TrainDataset/image/1.png,wysiwyr_real/data/TrainDataset/masks/1.png
val,cju3u1c8tfyqx08503iedc3mx,wysiwyr_real/data/TrainDataset/image/cju3u1c8tfyqx08503iedc3mx.png,wysiwyr_real/data/TrainDataset/masks/cju3u1c8tfyqx08503iedc3mx.png
val,cju5yclrymlgj0818k426ud6z,wysiwyr_real/data/TrainDataset/image/cju5yclrymlgj0818k426ud6z.png,wysiwyr_real/data/TrainDataset/masks/cju5yclrymlgj0818k426ud6z.png
val,cju85je7vlht70817c9jcjwi4,wysiwyr_real/data/TrainDataset/image/cju85je7vlht70817c9jcjwi4.png,wysiwyr_real/data/TrainDataset/masks/cju85je7vlht70817c9jcjwi4.png
val,47,wysiwyr_real/data/TrainDataset/image/47.png,wysiwyr_real/data/TrainDataset/masks/47.png
val,542,wysiwyr_real/data/TrainDataset/image/542.png,wysiwyr_real/data/TrainDataset/masks/542.png
val,cju8amfdtqi4x09871tygrgqe,wysiwyr_real/data/TrainDataset/image/cju8amfdtqi4x09871tygrgqe.png,wysiwyr_real/data/TrainDataset/masks/cju8amfdtqi4x09871tygrgqe.png
val,396,wysiwyr_real/data/TrainDataset/image/396.png,wysiwyr_real/data/TrainDataset/masks/396.png
val,cju6vvxsev9y30987kespucdg,wysiwyr_real/data/TrainDataset/image/cju6vvxsev9y30987kespucdg.png,wysiwyr_real/data/TrainDataset/masks/cju6vvxsev9y30987kespucdg.png
val,527,wysiwyr_real/data/TrainDataset/image/527.png,wysiwyr_real/data/TrainDataset/masks/527.png
val,cju7atnm31if40817pqclnjer,wysiwyr_real/data/TrainDataset/image/cju7atnm31if40817pqclnjer.png,wysiwyr_real/data/TrainDataset/masks/cju7atnm31if40817pqclnjer.png
val,180,wysiwyr_real/data/TrainDataset/image/180.png,wysiwyr_real/data/TrainDataset/masks/180.png
val,cju30ftgja7170855xl9bkdm0,wysiwyr_real/data/TrainDataset/image/cju30ftgja7170855xl9bkdm0.png,wysiwyr_real/data/TrainDataset/masks/cju30ftgja7170855xl9bkdm0.png
val,cju2sggy13na70855tbeoqgha,wysiwyr_real/data/TrainDataset/image/cju2sggy13na70855tbeoqgha.png,wysiwyr_real/data/TrainDataset/masks/cju2sggy13na70855tbeoqgha.png
val,194,wysiwyr_real/data/TrainDataset/image/194.png,wysiwyr_real/data/TrainDataset/masks/194.png
val,cju77j66ez52p08019xygi0co,wysiwyr_real/data/TrainDataset/image/cju77j66ez52p08019xygi0co.png,wysiwyr_real/data/TrainDataset/masks/cju77j66ez52p08019xygi0co.png
val,cju885ikhnmkn09878s2lqtuh,wysiwyr_real/data/TrainDataset/image/cju885ikhnmkn09878s2lqtuh.png,wysiwyr_real/data/TrainDataset/masks/cju885ikhnmkn09878s2lqtuh.png
val,cju6x4t13vyw60755gtcf9ndu,wysiwyr_real/data/TrainDataset/image/cju6x4t13vyw60755gtcf9ndu.png,wysiwyr_real/data/TrainDataset/masks/cju6x4t13vyw60755gtcf9ndu.png
val,cju45lbgznahl08180xz1h7u6,wysiwyr_real/data/TrainDataset/image/cju45lbgznahl08180xz1h7u6.png,wysiwyr_real/data/TrainDataset/masks/cju45lbgznahl08180xz1h7u6.png
val,cju3xwpgviwlx0871rwm15q7v,wysiwyr_real/data/TrainDataset/image/cju3xwpgviwlx0871rwm15q7v.png,wysiwyr_real/data/TrainDataset/masks/cju3xwpgviwlx0871rwm15q7v.png
val,cju2m71z2ywwv080131bcrsd3,wysiwyr_real/data/TrainDataset/image/cju2m71z2ywwv080131bcrsd3.png,wysiwyr_real/data/TrainDataset/masks/cju2m71z2ywwv080131bcrsd3.png
val,200,wysiwyr_real/data/TrainDataset/image/200.png,wysiwyr_real/data/TrainDataset/masks/200.png
val,cju784jpdzeae0987q5ypq883,wysiwyr_real/data/TrainDataset/image/cju784jpdzeae0987q5ypq883.png,wysiwyr_real/data/TrainDataset/masks/cju784jpdzeae0987q5ypq883.png
val,cju35a77vdj4n08556jj2lgmc,wysiwyr_real/data/TrainDataset/image/cju35a77vdj4n08556jj2lgmc.png,wysiwyr_real/data/TrainDataset/masks/cju35a77vdj4n08556jj2lgmc.png
val,cju7ehljc2or70871261br8ai,wysiwyr_real/data/TrainDataset/image/cju7ehljc2or70871261br8ai.png,wysiwyr_real/data/TrainDataset/masks/cju7ehljc2or70871261br8ai.png
val,494,wysiwyr_real/data/TrainDataset/image/494.png,wysiwyr_real/data/TrainDataset/masks/494.png
val,cju7d4jk723eu0817bqz2n39m,wysiwyr_real/data/TrainDataset/image/cju7d4jk723eu0817bqz2n39m.png,wysiwyr_real/data/TrainDataset/masks/cju7d4jk723eu0817bqz2n39m.png
val,cju43eigtm6ev0801mv0m96t1,wysiwyr_real/data/TrainDataset/image/cju43eigtm6ev0801mv0m96t1.png,wysiwyr_real/data/TrainDataset/masks/cju43eigtm6ev0801mv0m96t1.png
val,cju1euant5l960878iqj5vvto,wysiwyr_real/data/TrainDataset/image/cju1euant5l960878iqj5vvto.png,wysiwyr_real/data/TrainDataset/masks/cju1euant5l960878iqj5vvto.png
val,451,wysiwyr_real/data/TrainDataset/image/451.png,wysiwyr_real/data/TrainDataset/masks/451.png
val,505,wysiwyr_real/data/TrainDataset/image/505.png,wysiwyr_real/data/TrainDataset/masks/505.png
val,cju35i2e63uxr0835h7zgkg9k,wysiwyr_real/data/TrainDataset/image/cju35i2e63uxr0835h7zgkg9k.png,wysiwyr_real/data/TrainDataset/masks/cju35i2e63uxr0835h7zgkg9k.png
val,cju88fpm4o0tl0871w1i6a4ds,wysiwyr_real/data/TrainDataset/image/cju88fpm4o0tl0871w1i6a4ds.png,wysiwyr_real/data/TrainDataset/masks/cju88fpm4o0tl0871w1i6a4ds.png
val,cju33w4sdcivk0855x879zht7,wysiwyr_real/data/TrainDataset/image/cju33w4sdcivk0855x879zht7.png,wysiwyr_real/data/TrainDataset/masks/cju33w4sdcivk0855x879zht7.png
val,cju8a3nhbpwnb0850d37fo2na,wysiwyr_real/data/TrainDataset/image/cju8a3nhbpwnb0850d37fo2na.png,wysiwyr_real/data/TrainDataset/masks/cju8a3nhbpwnb0850d37fo2na.png
val,cju88evxanv9r08176zkeovec,wysiwyr_real/data/TrainDataset/image/cju88evxanv9r08176zkeovec.png,wysiwyr_real/data/TrainDataset/masks/cju88evxanv9r08176zkeovec.png
val,600,wysiwyr_real/data/TrainDataset/image/600.png,wysiwyr_real/data/TrainDataset/masks/600.png
val,513,wysiwyr_real/data/TrainDataset/image/513.png,wysiwyr_real/data/TrainDataset/masks/513.png
val,cju2u73dj53oz0878486k8k4b,wysiwyr_real/data/TrainDataset/image/cju2u73dj53oz0878486k8k4b.png,wysiwyr_real/data/TrainDataset/masks/cju2u73dj53oz0878486k8k4b.png
val,cju8a2itsq4dv0755ntlovpxe,wysiwyr_real/data/TrainDataset/image/cju8a2itsq4dv0755ntlovpxe.png,wysiwyr_real/data/TrainDataset/masks/cju8a2itsq4dv0755ntlovpxe.png
val,cju7b5afm1nfw0801xqm8bf8q,wysiwyr_real/data/TrainDataset/image/cju7b5afm1nfw0801xqm8bf8q.png,wysiwyr_real/data/TrainDataset/masks/cju7b5afm1nfw0801xqm8bf8q.png
val,cju2lejzcy4pc0878c9rlonot,wysiwyr_real/data/TrainDataset/image/cju2lejzcy4pc0878c9rlonot.png,wysiwyr_real/data/TrainDataset/masks/cju2lejzcy4pc0878c9rlonot.png
val,cju3xuj20ivgp0818mij8bjrd,wysiwyr_real/data/TrainDataset/image/cju3xuj20ivgp0818mij8bjrd.png,wysiwyr_real/data/TrainDataset/masks/cju3xuj20ivgp0818mij8bjrd.png
val,cju43o6n7m9nk087191ijwqq9,wysiwyr_real/data/TrainDataset/image/cju43o6n7m9nk087191ijwqq9.png,wysiwyr_real/data/TrainDataset/masks/cju43o6n7m9nk087191ijwqq9.png
val,cju33jon3ygbj0993pu22a4k6,wysiwyr_real/data/TrainDataset/image/cju33jon3ygbj0993pu22a4k6.png,wysiwyr_real/data/TrainDataset/masks/cju33jon3ygbj0993pu22a4k6.png
val,268,wysiwyr_real/data/TrainDataset/image/268.png,wysiwyr_real/data/TrainDataset/masks/268.png
val,364,wysiwyr_real/data/TrainDataset/image/364.png,wysiwyr_real/data/TrainDataset/masks/364.png
val,cju2qz06823a40878ojcz9ccx,wysiwyr_real/data/TrainDataset/image/cju2qz06823a40878ojcz9ccx.png,wysiwyr_real/data/TrainDataset/masks/cju2qz06823a40878ojcz9ccx.png
val,cju2xlcqxy9c60988vjacdznb,wysiwyr_real/data/TrainDataset/image/cju2xlcqxy9c60988vjacdznb.png,wysiwyr_real/data/TrainDataset/masks/cju2xlcqxy9c60988vjacdznb.png
val,96,wysiwyr_real/data/TrainDataset/image/96.png,wysiwyr_real/data/TrainDataset/masks/96.png
val,55,wysiwyr_real/data/TrainDataset/image/55.png,wysiwyr_real/data/TrainDataset/masks/55.png
val,278,wysiwyr_real/data/TrainDataset/image/278.png,wysiwyr_real/data/TrainDataset/masks/278.png
val,cju30nyxe0gfb0835p256yoju,wysiwyr_real/data/TrainDataset/image/cju30nyxe0gfb0835p256yoju.png,wysiwyr_real/data/TrainDataset/masks/cju30nyxe0gfb0835p256yoju.png
val,cju2wzu8wxtgu09880ku9x1pg,wysiwyr_real/data/TrainDataset/image/cju2wzu8wxtgu09880ku9x1pg.png,wysiwyr_real/data/TrainDataset/masks/cju2wzu8wxtgu09880ku9x1pg.png
val,cju7cp6dw244p0818gncdol4m,wysiwyr_real/data/TrainDataset/image/cju7cp6dw244p0818gncdol4m.png,wysiwyr_real/data/TrainDataset/masks/cju7cp6dw244p0818gncdol4m.png
val,2,wysiwyr_real/data/TrainDataset/image/2.png,wysiwyr_real/data/TrainDataset/masks/2.png
val,cju323ypb1fbb0988gx5rzudb,wysiwyr_real/data/TrainDataset/image/cju323ypb1fbb0988gx5rzudb.png,wysiwyr_real/data/TrainDataset/masks/cju323ypb1fbb0988gx5rzudb.png
val,cju6uzxk0v83p0801rcwnexdu,wysiwyr_real/data/TrainDataset/image/cju6uzxk0v83p0801rcwnexdu.png,wysiwyr_real/data/TrainDataset/masks/cju6uzxk0v83p0801rcwnexdu.png
val,cju1fr4etsmrr09933u4t4aql,wysiwyr_real/data/TrainDataset/image/cju1fr4etsmrr09933u4t4aql.png,wysiwyr_real/data/TrainDataset/masks/cju1fr4etsmrr09933u4t4aql.png
val,15,wysiwyr_real/data/TrainDataset/image/15.png,wysiwyr_real/data/TrainDataset/masks/15.png
val,418,wysiwyr_real/data/TrainDataset/image/418.png,wysiwyr_real/data/TrainDataset/masks/418.png
val,cju88rl5eo94l0850kf5wtrm1,wysiwyr_real/data/TrainDataset/image/cju88rl5eo94l0850kf5wtrm1.png,wysiwyr_real/data/TrainDataset/masks/cju88rl5eo94l0850kf5wtrm1.png
val,cju8doa16u5gh0818w1ywda3q,wysiwyr_real/data/TrainDataset/image/cju8doa16u5gh0818w1ywda3q.png,wysiwyr_real/data/TrainDataset/masks/cju8doa16u5gh0818w1ywda3q.png
val,220,wysiwyr_real/data/TrainDataset/image/220.png,wysiwyr_real/data/TrainDataset/masks/220.png
val,169,wysiwyr_real/data/TrainDataset/image/169.png,wysiwyr_real/data/TrainDataset/masks/169.png
val,79,wysiwyr_real/data/TrainDataset/image/79.png,wysiwyr_real/data/TrainDataset/masks/79.png
val,cju7d7aut2a2p0818z4uxc6cd,wysiwyr_real/data/TrainDataset/image/cju7d7aut2a2p0818z4uxc6cd.png,wysiwyr_real/data/TrainDataset/masks/cju7d7aut2a2p0818z4uxc6cd.png
val,174,wysiwyr_real/data/TrainDataset/image/174.png,wysiwyr_real/data/TrainDataset/masks/174.png
val,370,wysiwyr_real/data/TrainDataset/image/370.png,wysiwyr_real/data/TrainDataset/masks/370.png
val,334,wysiwyr_real/data/TrainDataset/image/334.png,wysiwyr_real/data/TrainDataset/masks/334.png
val,495,wysiwyr_real/data/TrainDataset/image/495.png,wysiwyr_real/data/TrainDataset/masks/495.png
val,cju17hw9hr9c5098800fu4u8e,wysiwyr_real/data/TrainDataset/image/cju17hw9hr9c5098800fu4u8e.png,wysiwyr_real/data/TrainDataset/masks/cju17hw9hr9c5098800fu4u8e.png
val,193,wysiwyr_real/data/TrainDataset/image/193.png,wysiwyr_real/data/TrainDataset/masks/193.png
val,cju1dhfok4mhe0878jlgrag0h,wysiwyr_real/data/TrainDataset/image/cju1dhfok4mhe0878jlgrag0h.png,wysiwyr_real/data/TrainDataset/masks/cju1dhfok4mhe0878jlgrag0h.png
val,56,wysiwyr_real/data/TrainDataset/image/56.png,wysiwyr_real/data/TrainDataset/masks/56.png
val,cjyzul1qggwwj07216mhiv5sy,wysiwyr_real/data/TrainDataset/image/cjyzul1qggwwj07216mhiv5sy.png,wysiwyr_real/data/TrainDataset/masks/cjyzul1qggwwj07216mhiv5sy.png
val,cju428k5fldt108177s6g6f45,wysiwyr_real/data/TrainDataset/image/cju428k5fldt108177s6g6f45.png,wysiwyr_real/data/TrainDataset/masks/cju428k5fldt108177s6g6f45.png
val,cju2i03ptvkiu0799xbbd4det,wysiwyr_real/data/TrainDataset/image/cju2i03ptvkiu0799xbbd4det.png,wysiwyr_real/data/TrainDataset/masks/cju2i03ptvkiu0799xbbd4det.png
val,cju6vucxvvlda0755j7msqnya,wysiwyr_real/data/TrainDataset/image/cju6vucxvvlda0755j7msqnya.png,wysiwyr_real/data/TrainDataset/masks/cju6vucxvvlda0755j7msqnya.png
val,270,wysiwyr_real/data/TrainDataset/image/270.png,wysiwyr_real/data/TrainDataset/masks/270.png
val,515,wysiwyr_real/data/TrainDataset/image/515.png,wysiwyr_real/data/TrainDataset/masks/515.png
val,114,wysiwyr_real/data/TrainDataset/image/114.png,wysiwyr_real/data/TrainDataset/masks/114.png
val,cju2ysg748ru80878sp6j0gm0,wysiwyr_real/data/TrainDataset/image/cju2ysg748ru80878sp6j0gm0.png,wysiwyr_real/data/TrainDataset/masks/cju2ysg748ru80878sp6j0gm0.png
val,cju5fu081d8gc0818l3yylujk,wysiwyr_real/data/TrainDataset/image/cju5fu081d8gc0818l3yylujk.png,wysiwyr_real/data/TrainDataset/masks/cju5fu081d8gc0818l3yylujk.png
val,cju88trl3ogi208716qvti51b,wysiwyr_real/data/TrainDataset/image/cju88trl3ogi208716qvti51b.png,wysiwyr_real/data/TrainDataset/masks/cju88trl3ogi208716qvti51b.png
val,cju7dda8w2br20818zhsuz8s7,wysiwyr_real/data/TrainDataset/image/cju7dda8w2br20818zhsuz8s7.png,wysiwyr_real/data/TrainDataset/masks/cju7dda8w2br20818zhsuz8s7.png
val,cju43h43am1dy08176gwfhmnt,wysiwyr_real/data/TrainDataset/image/cju43h43am1dy08176gwfhmnt.png,wysiwyr_real/data/TrainDataset/masks/cju43h43am1dy08176gwfhmnt.png
val,157,wysiwyr_real/data/TrainDataset/image/157.png,wysiwyr_real/data/TrainDataset/masks/157.png
val,273,wysiwyr_real/data/TrainDataset/image/273.png,wysiwyr_real/data/TrainDataset/masks/273.png
val,cju15jr8jz8sb0855ukmkswkz,wysiwyr_real/data/TrainDataset/image/cju15jr8jz8sb0855ukmkswkz.png,wysiwyr_real/data/TrainDataset/masks/cju15jr8jz8sb0855ukmkswkz.png
val,124,wysiwyr_real/data/TrainDataset/image/124.png,wysiwyr_real/data/TrainDataset/masks/124.png
val,cju5wtdu4m0im0871mix0yvc0,wysiwyr_real/data/TrainDataset/image/cju5wtdu4m0im0871mix0yvc0.png,wysiwyr_real/data/TrainDataset/masks/cju5wtdu4m0im0871mix0yvc0.png
val,cju3v72v5h1qz0818fggilwtq,wysiwyr_real/data/TrainDataset/image/cju3v72v5h1qz0818fggilwtq.png,wysiwyr_real/data/TrainDataset/masks/cju3v72v5h1qz0818fggilwtq.png
val,368,wysiwyr_real/data/TrainDataset/image/368.png,wysiwyr_real/data/TrainDataset/masks/368.png
val,cju772304yw5t0818vbw8kkjf,wysiwyr_real/data/TrainDataset/image/cju772304yw5t0818vbw8kkjf.png,wysiwyr_real/data/TrainDataset/masks/cju772304yw5t0818vbw8kkjf.png
val,cju2xf8e5y2wm08359vcgk09b,wysiwyr_real/data/TrainDataset/image/cju2xf8e5y2wm08359vcgk09b.png,wysiwyr_real/data/TrainDataset/masks/cju2xf8e5y2wm08359vcgk09b.png
val,cju76l27oyrw907551ri2a7fl,wysiwyr_real/data/TrainDataset/image/cju76l27oyrw907551ri2a7fl.png,wysiwyr_real/data/TrainDataset/masks/cju76l27oyrw907551ri2a7fl.png
val,274,wysiwyr_real/data/TrainDataset/image/274.png,wysiwyr_real/data/TrainDataset/masks/274.png
val,cju3x2s11ibzi0817kk284k0j,wysiwyr_real/data/TrainDataset/image/cju3x2s11ibzi0817kk284k0j.png,wysiwyr_real/data/TrainDataset/masks/cju3x2s11ibzi0817kk284k0j.png
val,cju2zpw4q9vzr0801p0lysjdl,wysiwyr_real/data/TrainDataset/image/cju2zpw4q9vzr0801p0lysjdl.png,wysiwyr_real/data/TrainDataset/masks/cju2zpw4q9vzr0801p0lysjdl.png
val,314,wysiwyr_real/data/TrainDataset/image/314.png,wysiwyr_real/data/TrainDataset/masks/314.png
val,563,wysiwyr_real/data/TrainDataset/image/563.png,wysiwyr_real/data/TrainDataset/masks/563.png
val,462,wysiwyr_real/data/TrainDataset/image/462.png,wysiwyr_real/data/TrainDataset/masks/462.png
val,cju5xneamme2p0801qdf7fdwv,wysiwyr_real/data/TrainDataset/image/cju5xneamme2p0801qdf7fdwv.png,wysiwyr_real/data/TrainDataset/masks/cju5xneamme2p0801qdf7fdwv.png
val,cju2hugv9vget0799hhk7ksvg,wysiwyr_real/data/TrainDataset/image/cju2hugv9vget0799hhk7ksvg.png,wysiwyr_real/data/TrainDataset/masks/cju2hugv9vget0799hhk7ksvg.png
val,cju32jcdabepz0878d0cznmfe,wysiwyr_real/data/TrainDataset/image/cju32jcdabepz0878d0cznmfe.png,wysiwyr_real/data/TrainDataset/masks/cju32jcdabepz0878d0cznmfe.png
val,471,wysiwyr_real/data/TrainDataset/image/471.png,wysiwyr_real/data/TrainDataset/masks/471.png
val,cju3y21quj0ir0818kgjagr15,wysiwyr_real/data/TrainDataset/image/cju3y21quj0ir0818kgjagr15.png,wysiwyr_real/data/TrainDataset/masks/cju3y21quj0ir0818kgjagr15.png
val,426,wysiwyr_real/data/TrainDataset/image/426.png,wysiwyr_real/data/TrainDataset/masks/426.png
val,cju3yht87j83m08507yk1u1fg,wysiwyr_real/data/TrainDataset/image/cju3yht87j83m08507yk1u1fg.png,wysiwyr_real/data/TrainDataset/masks/cju3yht87j83m08507yk1u1fg.png
val,cju1c0qb4tzi308355wtsnp0y,wysiwyr_real/data/TrainDataset/image/cju1c0qb4tzi308355wtsnp0y.png,wysiwyr_real/data/TrainDataset/masks/cju1c0qb4tzi308355wtsnp0y.png
val,361,wysiwyr_real/data/TrainDataset/image/361.png,wysiwyr_real/data/TrainDataset/masks/361.png
val,cju2spdagu1l50835da1f46fr,wysiwyr_real/data/TrainDataset/image/cju2spdagu1l50835da1f46fr.png,wysiwyr_real/data/TrainDataset/masks/cju2spdagu1l50835da1f46fr.png
val,cju7dz5yy2i7z0801ausi7rna,wysiwyr_real/data/TrainDataset/image/cju7dz5yy2i7z0801ausi7rna.png,wysiwyr_real/data/TrainDataset/masks/cju7dz5yy2i7z0801ausi7rna.png
val,cju8apjewqrk00801k5d71gky,wysiwyr_real/data/TrainDataset/image/cju8apjewqrk00801k5d71gky.png,wysiwyr_real/data/TrainDataset/masks/cju8apjewqrk00801k5d71gky.png
val,cju8adb60qbiu080188mxpf8d,wysiwyr_real/data/TrainDataset/image/cju8adb60qbiu080188mxpf8d.png,wysiwyr_real/data/TrainDataset/masks/cju8adb60qbiu080188mxpf8d.png
val,cju8bh8surexp0987o5pzklk1,wysiwyr_real/data/TrainDataset/image/cju8bh8surexp0987o5pzklk1.png,wysiwyr_real/data/TrainDataset/masks/cju8bh8surexp0987o5pzklk1.png
val,cju773hsyyosz0817pk1e7sjq,wysiwyr_real/data/TrainDataset/image/cju773hsyyosz0817pk1e7sjq.png,wysiwyr_real/data/TrainDataset/masks/cju773hsyyosz0817pk1e7sjq.png
val,63,wysiwyr_real/data/TrainDataset/image/63.png,wysiwyr_real/data/TrainDataset/masks/63.png
val,230,wysiwyr_real/data/TrainDataset/image/230.png,wysiwyr_real/data/TrainDataset/masks/230.png
val,547,wysiwyr_real/data/TrainDataset/image/547.png,wysiwyr_real/data/TrainDataset/masks/547.png
val,62,wysiwyr_real/data/TrainDataset/image/62.png,wysiwyr_real/data/TrainDataset/masks/62.png
val,cju1f79yhsb5w0993txub59ol,wysiwyr_real/data/TrainDataset/image/cju1f79yhsb5w0993txub59ol.png,wysiwyr_real/data/TrainDataset/masks/cju1f79yhsb5w0993txub59ol.png
val,cju893jmdompz0817xn3g1w4h,wysiwyr_real/data/TrainDataset/image/cju893jmdompz0817xn3g1w4h.png,wysiwyr_real/data/TrainDataset/masks/cju893jmdompz0817xn3g1w4h.png
val,cju77g99iyxc00817zqi2ppor,wysiwyr_real/data/TrainDataset/image/cju77g99iyxc00817zqi2ppor.png,wysiwyr_real/data/TrainDataset/masks/cju77g99iyxc00817zqi2ppor.png
val,cju1f5x1164xv08555654c24r,wysiwyr_real/data/TrainDataset/image/cju1f5x1164xv08555654c24r.png,wysiwyr_real/data/TrainDataset/masks/cju1f5x1164xv08555654c24r.png
val,cju6x97w4vwua0850x0997r0a,wysiwyr_real/data/TrainDataset/image/cju6x97w4vwua0850x0997r0a.png,wysiwyr_real/data/TrainDataset/masks/cju6x97w4vwua0850x0997r0a.png
val,cju2t3ibkuecr0835o7si16zv,wysiwyr_real/data/TrainDataset/image/cju2t3ibkuecr0835o7si16zv.png,wysiwyr_real/data/TrainDataset/masks/cju2t3ibkuecr0835o7si16zv.png
val,cju0vtox5ain6099360pu62rp,wysiwyr_real/data/TrainDataset/image/cju0vtox5ain6099360pu62rp.png,wysiwyr_real/data/TrainDataset/masks/cju0vtox5ain6099360pu62rp.png
val,cju33x0f22peh0988g0ln7w5v,wysiwyr_real/data/TrainDataset/image/cju33x0f22peh0988g0ln7w5v.png,wysiwyr_real/data/TrainDataset/masks/cju33x0f22peh0988g0ln7w5v.png
val,cju5h57xedz5h0755mjpc8694,wysiwyr_real/data/TrainDataset/image/cju5h57xedz5h0755mjpc8694.png,wysiwyr_real/data/TrainDataset/masks/cju5h57xedz5h0755mjpc8694.png
val,cju35c4wzdhow0799h6eq4sgs,wysiwyr_real/data/TrainDataset/image/cju35c4wzdhow0799h6eq4sgs.png,wysiwyr_real/data/TrainDataset/masks/cju35c4wzdhow0799h6eq4sgs.png
val,cju15mhjczc8z0801kit5c6di,wysiwyr_real/data/TrainDataset/image/cju15mhjczc8z0801kit5c6di.png,wysiwyr_real/data/TrainDataset/masks/cju15mhjczc8z0801kit5c6di.png
val,cju77k828z46w0871r0avuoo9,wysiwyr_real/data/TrainDataset/image/cju77k828z46w0871r0avuoo9.png,wysiwyr_real/data/TrainDataset/masks/cju77k828z46w0871r0avuoo9.png
val,cju7b4mtw1n9n080186209f3d,wysiwyr_real/data/TrainDataset/image/cju7b4mtw1n9n080186209f3d.png,wysiwyr_real/data/TrainDataset/masks/cju7b4mtw1n9n080186209f3d.png
val,97,wysiwyr_real/data/TrainDataset/image/97.png,wysiwyr_real/data/TrainDataset/masks/97.png
